factor_varying,factor_context,context_value,test_name,metric_name,projection,vr_conditional,vr_marginal,interaction_strength,p_value,n_groups
gamma_id,d_encoding_id,ASY-004,GRA-001,degree_variance,value_mean,0.9771651552407503,0.4838877854307769,2.0194044666178907,2.323174858005164e-44,12
gamma_id,d_encoding_id,SYM-002,GRA-001,degree_variance,value_mean,0.9942282053928498,0.4838877854307769,2.0546668779988875,9.878834789308387e-43,12
gamma_id,d_encoding_id,SYM-003,GRA-001,degree_variance,value_mean,0.9935277832585718,0.4838877854307769,2.0532193892311055,1.8407202895914363e-40,12
gamma_id,d_encoding_id,SYM-004,GRA-001,degree_variance,value_mean,0.9940668187005407,0.4838877854307769,2.054333357093487,5.741215433440918e-41,12
gamma_id,d_encoding_id,SYM-006,GRA-001,degree_variance,value_mean,0.9964676244289543,0.4838877854307769,2.059294849821137,1.1204488041309087e-40,12
gamma_id,d_encoding_id,ASY-001,PAT-001,concentration_top10,volatility,0.9982687184821902,0.17558412361100764,5.685415617039348,7.776509155900325e-42,12
gamma_id,d_encoding_id,ASY-002,PAT-001,concentration_top10,volatility,0.9880168740492943,0.17558412361100764,5.627028536123035,2.0765289332443193e-41,12
gamma_id,d_encoding_id,ASY-003,PAT-001,concentration_top10,volatility,0.48187793212833174,0.17558412361100764,2.744427697779175,1.0408250984195957e-42,12
gamma_id,d_encoding_id,ASY-004,PAT-001,concentration_top10,volatility,0.9993614956623733,0.17558412361100764,5.69163928440579,5.261105856153501e-44,12
gamma_id,d_encoding_id,SYM-001,PAT-001,concentration_top10,volatility,0.920957311463795,0.17558412361100764,5.245105836015681,1.2919896342511768e-19,12
gamma_id,d_encoding_id,SYM-002,PAT-001,concentration_top10,volatility,0.997317724951682,0.17558412361100764,5.679999446653608,2.393614144729043e-42,12
gamma_id,d_encoding_id,SYM-003,PAT-001,concentration_top10,volatility,0.998069486148626,0.17558412361100764,5.684280933962844,1.1875177263933239e-43,12
gamma_id,d_encoding_id,SYM-004,PAT-001,concentration_top10,volatility,0.9990539904316247,0.17558412361100764,5.689887957324363,1.269068223655854e-42,12
gamma_id,d_encoding_id,SYM-005,PAT-001,concentration_top10,volatility,0.9102212187495112,0.17558412361100764,5.183960827608949,2.269334397642737e-28,12
gamma_id,d_encoding_id,SYM-006,PAT-001,concentration_top10,volatility,0.9993593614733852,0.17558412361100764,5.691627129611016,9.79948412128001e-44,12
gamma_id,d_encoding_id,ASY-001,PAT-001,concentration_top10,relative_change,0.9685354720936824,0.37753822939526843,2.565397082157902,2.7810697096432437e-41,12
gamma_id,d_encoding_id,ASY-002,PAT-001,concentration_top10,relative_change,0.9175267502342751,0.37753822939526843,2.4302883225996665,1.1753782173229167e-37,12
gamma_id,d_encoding_id,ASY-003,PAT-001,concentration_top10,relative_change,0.954276213610262,0.37753822939526843,2.5276280368713877,2.995762817023469e-42,12
gamma_id,d_encoding_id,ASY-004,PAT-001,concentration_top10,relative_change,0.995676234923448,0.37753822939526843,2.637285862462983,3.946963834381977e-43,12
gamma_id,d_encoding_id,SYM-002,PAT-001,concentration_top10,relative_change,0.9345387916867854,0.37753822939526843,2.4753487698019536,8.774059545994696e-41,12
gamma_id,d_encoding_id,SYM-003,PAT-001,concentration_top10,relative_change,0.9532283211068201,0.37753822939526843,2.524852443774179,5.2500066444396155e-43,12
gamma_id,d_encoding_id,SYM-004,PAT-001,concentration_top10,relative_change,0.9919628995063509,0.37753822939526843,2.627450208407379,1.3463292667646166e-43,12
gamma_id,d_encoding_id,SYM-005,PAT-001,concentration_top10,relative_change,0.7731362263130888,0.37753822939526843,2.0478355994609596,3.589266575233415e-36,12
gamma_id,d_encoding_id,SYM-006,PAT-001,concentration_top10,relative_change,0.9995020845861148,0.37753822939526843,2.6474195373196854,5.990637408066384e-43,12
gamma_id,d_encoding_id,ASY-001,PAT-001,diversity_simpson,slope,0.8973946044282521,0.056907220640778584,15.769433023147805,9.806251351541345e-44,12
gamma_id,d_encoding_id,ASY-002,PAT-001,diversity_simpson,slope,0.4339710264989107,0.056907220640778584,7.625939583981996,6.843380553297115e-42,12
gamma_id,d_encoding_id,ASY-003,PAT-001,diversity_simpson,slope,0.8709201822200938,0.056907220640778584,15.304212232006455,8.036718880500843e-40,12
gamma_id,d_encoding_id,ASY-004,PAT-001,diversity_simpson,slope,0.780915367569974,0.056907220640778584,13.722606002837988,1.041360192702511e-43,12
gamma_id,d_encoding_id,SYM-001,PAT-001,diversity_simpson,slope,0.38753675206346166,0.056907220640778584,6.8099750383128095,5.7893975611505e-34,12
gamma_id,d_encoding_id,SYM-002,PAT-001,diversity_simpson,slope,0.756191575331685,0.056907220640778584,13.288148091172339,4.431377707600036e-43,12
gamma_id,d_encoding_id,SYM-003,PAT-001,diversity_simpson,slope,0.9407789783134464,0.056907220640778584,16.531803305805852,5.744089612309103e-43,12
gamma_id,d_encoding_id,SYM-006,PAT-001,diversity_simpson,slope,0.8427039529047328,0.056907220640778584,14.80838360081265,3.794185652693572e-43,12
gamma_id,d_encoding_id,ASY-001,PAT-001,diversity_simpson,volatility,0.9877491510561969,0.07240967120276706,13.641121892270808,4.496230208030573e-44,12
gamma_id,d_encoding_id,ASY-002,PAT-001,diversity_simpson,volatility,0.5147811896092164,0.07240967120276706,7.109287765824637,4.4624735361071615e-40,12
gamma_id,d_encoding_id,ASY-003,PAT-001,diversity_simpson,volatility,0.4807544366113481,0.07240967120276706,6.639367761595036,5.423058713750275e-44,12
gamma_id,d_encoding_id,ASY-004,PAT-001,diversity_simpson,volatility,0.9976300090697906,0.07240967120276706,13.777579603643707,5.372403764891263e-44,12
gamma_id,d_encoding_id,SYM-001,PAT-001,diversity_simpson,volatility,0.35987649157866386,0.07240967120276706,4.970005879061519,1.0254303543412982e-18,12
gamma_id,d_encoding_id,SYM-002,PAT-001,diversity_simpson,volatility,0.9785976458227055,0.07240967120276706,13.514736768826943,2.8000504959202994e-43,12
gamma_id,d_encoding_id,SYM-003,PAT-001,diversity_simpson,volatility,0.9959998534254171,0.07240967120276706,13.755066648988677,1.5162179110862017e-43,12
gamma_id,d_encoding_id,SYM-004,PAT-001,diversity_simpson,volatility,0.9937719225709121,0.07240967120276706,13.724298233423495,2.545304950574339e-43,12
gamma_id,d_encoding_id,SYM-005,PAT-001,diversity_simpson,volatility,0.43995867893110446,0.07240967120276706,6.075965704900092,3.6237790544945336e-30,12
gamma_id,d_encoding_id,SYM-006,PAT-001,diversity_simpson,volatility,0.4512369245439834,0.07240967120276706,6.231721772087536,2.0160792655705952e-42,12
gamma_id,d_encoding_id,ASY-001,PAT-001,uniformity,slope,0.8973946044282527,0.056907220640778675,15.769433023147789,1.0653998417264575e-43,12
gamma_id,d_encoding_id,ASY-002,PAT-001,uniformity,slope,0.4339710264989108,0.056907220640778675,7.625939583981985,6.359895054200877e-42,12
gamma_id,d_encoding_id,ASY-003,PAT-001,uniformity,slope,0.8709201822200936,0.056907220640778675,15.304212232006426,8.484459246063074e-40,12
gamma_id,d_encoding_id,ASY-004,PAT-001,uniformity,slope,0.7809153675699756,0.056907220640778675,13.722606002837994,9.4475912455338e-44,12
gamma_id,d_encoding_id,SYM-001,PAT-001,uniformity,slope,0.38753675206346216,0.056907220640778675,6.809975038312808,4.2472996233940726e-27,12
gamma_id,d_encoding_id,SYM-002,PAT-001,uniformity,slope,0.7561915753316851,0.056907220640778675,13.288148091172319,4.631114660967739e-43,12
gamma_id,d_encoding_id,SYM-003,PAT-001,uniformity,slope,0.9407789783134465,0.056907220640778675,16.531803305805827,5.575690033942784e-43,12
gamma_id,d_encoding_id,SYM-006,PAT-001,uniformity,slope,0.8427039529047325,0.056907220640778675,14.808383600812624,3.4870794225805647e-43,12
gamma_id,d_encoding_id,ASY-001,PAT-001,uniformity,volatility,0.9873115882602963,0.10401302004366333,9.492192302904343,4.496230208030573e-44,12
gamma_id,d_encoding_id,ASY-002,PAT-001,uniformity,volatility,0.5345245862031058,0.10401302004366333,5.139016115277869,4.394249622426262e-40,12
gamma_id,d_encoding_id,ASY-003,PAT-001,uniformity,volatility,0.4911854078347112,0.10401302004366333,4.722345410493012,5.423058713750275e-44,12
gamma_id,d_encoding_id,ASY-004,PAT-001,uniformity,volatility,0.9975424663184809,0.10401302004366333,9.590553816240748,5.355438457347845e-44,12
gamma_id,d_encoding_id,SYM-001,PAT-001,uniformity,volatility,0.3441210945404218,0.10401302004366333,3.3084424853346643,7.579932147808516e-18,12
gamma_id,d_encoding_id,SYM-002,PAT-001,uniformity,volatility,0.9778515142514485,0.10401302004366333,9.401241439205966,2.8000504959202994e-43,12
gamma_id,d_encoding_id,SYM-003,PAT-001,uniformity,volatility,0.9958540329404496,0.10401302004366333,9.574320912155063,1.5246770389257988e-43,12
gamma_id,d_encoding_id,SYM-004,PAT-001,uniformity,volatility,0.99354537573428,0.10401302004366333,9.552125063931442,2.589316820292507e-43,12
gamma_id,d_encoding_id,SYM-005,PAT-001,uniformity,volatility,0.4441505925252563,0.10401302004366333,4.27014418328405,2.9407877207104945e-30,12
gamma_id,d_encoding_id,SYM-006,PAT-001,uniformity,volatility,0.6034521024122956,0.10401302004366333,5.801697731293392,2.0116751709358344e-42,12
gamma_id,d_encoding_id,ASY-001,SPA-001,gradient_magnitude,volatility,0.9817318919973367,0.0590540202464243,16.624302425147427,8.952787265829055e-43,12
gamma_id,d_encoding_id,ASY-002,SPA-001,gradient_magnitude,volatility,0.744176641032707,0.0590540202464243,12.601625391926921,6.673868498053623e-42,12
gamma_id,d_encoding_id,ASY-003,SPA-001,gradient_magnitude,volatility,0.47286707524184723,0.0590540202464243,8.007364668292489,2.315980588334147e-37,12
gamma_id,d_encoding_id,ASY-004,SPA-001,gradient_magnitude,volatility,0.9919126816013397,0.0590540202464243,16.796700334070813,6.602989611785456e-43,12
gamma_id,d_encoding_id,SYM-001,SPA-001,gradient_magnitude,volatility,0.9728673768769697,0.0590540202464243,16.47419384518324,1.993810750929305e-28,12
gamma_id,d_encoding_id,SYM-002,SPA-001,gradient_magnitude,volatility,0.9848297543322434,0.0590540202464243,16.676760535907366,7.925489498438201e-44,12
gamma_id,d_encoding_id,SYM-003,SPA-001,gradient_magnitude,volatility,0.9832032689960334,0.0590540202464243,16.64921820552202,6.711449127540953e-34,12
gamma_id,d_encoding_id,SYM-004,SPA-001,gradient_magnitude,volatility,0.9981238935449073,0.0590540202464243,16.90187881163507,1.2161433592121536e-37,12
gamma_id,d_encoding_id,SYM-005,SPA-001,gradient_magnitude,volatility,0.9894255065111563,0.0590540202464243,16.754583386235513,1.8471124993115134e-39,12
gamma_id,d_encoding_id,ASY-001,SPA-001,gradient_magnitude,relative_change,0.9971198706487184,0.3264555963221288,3.054381306010188,3.1526320371549535e-43,12
gamma_id,d_encoding_id,ASY-004,SPA-001,gradient_magnitude,relative_change,0.994057072733127,0.3264555963221288,3.0449993320140396,1.0404009081399578e-43,12
gamma_id,d_encoding_id,SYM-002,SPA-001,gradient_magnitude,relative_change,0.9989711480905843,0.3264555963221288,3.060052145973486,1.5823283518785526e-43,12
gamma_id,d_encoding_id,SYM-003,SPA-001,gradient_magnitude,relative_change,0.9956635484692811,0.3264555963221288,3.0499202944795405,1.9619189023396613e-43,12
gamma_id,d_encoding_id,SYM-004,SPA-001,gradient_magnitude,relative_change,0.9990303193517381,0.3264555963221288,3.060233399601301,1.390859716525745e-43,12
gamma_id,d_encoding_id,ASY-001,SPA-001,laplacian_energy,relative_change,0.9976062301153654,0.060609225845019,16.45964316829087,1.1136040798077511e-38,12
gamma_id,d_encoding_id,ASY-002,SPA-001,laplacian_energy,relative_change,0.9774241713519983,0.060609225845019,16.126656589399833,2.432384067139034e-38,12
gamma_id,d_encoding_id,ASY-003,SPA-001,laplacian_energy,relative_change,0.908933135364773,0.060609225845019,14.996613513740684,3.562808384761137e-36,12
gamma_id,d_encoding_id,ASY-004,SPA-001,laplacian_energy,relative_change,0.8860851792976089,0.060609225845019,14.619641926517517,1.4661586547000556e-42,12
gamma_id,d_encoding_id,SYM-001,SPA-001,laplacian_energy,relative_change,0.9848549011504025,0.060609225845019,16.249257228078257,1.7189829723065897e-36,12
gamma_id,d_encoding_id,SYM-002,SPA-001,laplacian_energy,relative_change,0.9908801839571096,0.060609225845019,16.34866920245513,4.508991545808962e-39,12
gamma_id,d_encoding_id,SYM-003,SPA-001,laplacian_energy,relative_change,0.9969029764546703,0.060609225845019,16.448040088876965,1.5386527165109101e-38,12
gamma_id,d_encoding_id,SYM-004,SPA-001,laplacian_energy,relative_change,0.9950830563200446,0.060609225845019,16.418012974864993,3.371409496170882e-35,12
gamma_id,d_encoding_id,SYM-005,SPA-001,laplacian_energy,relative_change,0.973699586588037,0.060609225845019,16.06520415023677,8.607247423312423e-36,12
gamma_id,d_encoding_id,SYM-006,SPA-001,laplacian_energy,relative_change,0.9372361568454195,0.060609225845019,15.463588979703882,6.25357708611663e-38,12
gamma_id,d_encoding_id,ASY-004,SPE-001,spectral_gap,value_final,1.2672182720871294,0.5048266141884145,2.5102049623995666,1.9850424660450236e-40,12
gamma_id,d_encoding_id,SYM-003,SPE-001,spectral_gap,value_final,1.035993651331966,0.5048266141884145,2.0521771677935075,8.077168612508795e-36,12
gamma_id,d_encoding_id,ASY-002,SPE-001,spectral_gap,value_mean,0.7973755735098965,0.3738368074748328,2.132950949629477,4.419680067447853e-28,12
gamma_id,d_encoding_id,ASY-004,SPE-001,spectral_gap,value_mean,1.3664733434722316,0.3738368074748328,3.6552669939121083,4.097184474882141e-43,12
gamma_id,d_encoding_id,SYM-001,SPE-001,spectral_gap,value_mean,0.961382138682823,0.3738368074748328,2.5716626064102703,1.0405140764428023e-29,12
gamma_id,d_encoding_id,SYM-002,SPE-001,spectral_gap,value_mean,0.8593574818207115,0.3738368074748328,2.298750322702145,1.730364585976186e-30,12
gamma_id,d_encoding_id,SYM-003,SPE-001,spectral_gap,value_mean,0.9164107972927154,0.3738368074748328,2.451365887384991,1.5614247234895145e-31,12
gamma_id,d_encoding_id,SYM-004,SPE-001,spectral_gap,value_mean,0.9327192372352544,0.3738368074748328,2.494990377045862,5.595385011356824e-35,12
gamma_id,d_encoding_id,SYM-005,SPE-001,spectral_gap,value_mean,0.9630678006617215,0.3738368074748328,2.5761716915115604,7.237003156897813e-30,12
gamma_id,d_encoding_id,SYM-002,SPE-001,spectral_gap,slope,2.45271559851234,0.636076153655047,3.856009354254903,1.3118167687147902e-26,12
gamma_id,d_encoding_id,ASY-002,SPE-001,spectral_gap,volatility,0.7053578262015641,0.0981849986528332,7.183967366497595,9.901423062424825e-23,12
gamma_id,d_encoding_id,ASY-003,SPE-001,spectral_gap,volatility,0.9971793648708166,0.0981849986528332,10.156127499646733,5.101977377217843e-34,12
gamma_id,d_encoding_id,ASY-004,SPE-001,spectral_gap,volatility,0.9315870104612016,0.0981849986528332,9.488078863810424,4.1432639477086234e-43,12
gamma_id,d_encoding_id,SYM-006,SPE-001,spectral_gap,volatility,0.4078652408051609,0.0981849986528332,4.154048443258716,1.2667042029694786e-36,12
gamma_id,d_encoding_id,ASY-002,SPE-001,spectral_gap,relative_change,0.7083121459193994,0.14299813121676852,4.953296521376777,7.055119600020617e-31,12
gamma_id,d_encoding_id,ASY-004,SPE-001,spectral_gap,relative_change,1.267218272087129,0.14299813121676852,8.861782047809937,1.9850424660450236e-40,12
gamma_id,d_encoding_id,SYM-001,SPE-001,spectral_gap,relative_change,0.6847223227432266,0.14299813121676852,4.788330567098582,1.840763956473882e-28,12
gamma_id,d_encoding_id,SYM-002,SPE-001,spectral_gap,relative_change,0.6792685439861988,0.14299813121676852,4.750191755698589,1.57555707376015e-33,12
gamma_id,d_encoding_id,SYM-003,SPE-001,spectral_gap,relative_change,0.8932854297691536,0.14299813121676852,6.246832893326675,2.3840092750480494e-34,12
gamma_id,d_encoding_id,SYM-004,SPE-001,spectral_gap,relative_change,0.8046332924331717,0.14299813121676852,5.6268797751870006,2.4756005097772767e-35,12
gamma_id,d_encoding_id,SYM-006,SPE-001,spectral_gap,relative_change,0.8379661351384727,0.14299813121676852,5.859979623567343,2.301303149542431e-27,12
gamma_id,d_encoding_id,ASY-001,SYM-001,asymmetry_norm_normalized,value_final,0.8852700085934663,0.3794875339352923,2.332803924843594,5.010348104447704e-32,12
gamma_id,d_encoding_id,ASY-002,SYM-001,asymmetry_norm_normalized,value_final,0.9503180182134906,0.3794875339352923,2.5042140603636605,1.0513709281314811e-37,12
gamma_id,d_encoding_id,ASY-003,SYM-001,asymmetry_norm_normalized,value_final,0.9839197546929115,0.3794875339352923,2.592759094059419,1.766104375694849e-39,12
gamma_id,d_encoding_id,ASY-004,SYM-001,asymmetry_norm_normalized,value_final,0.9747695654565819,0.3794875339352923,2.568647131430655,1.2053168479471995e-42,12
gamma_id,d_encoding_id,SYM-002,SYM-001,asymmetry_norm_normalized,value_final,0.907309215799813,0.3794875339352923,2.3908801598592735,4.4002054262264617e-26,12
gamma_id,d_encoding_id,SYM-003,SYM-001,asymmetry_norm_normalized,value_final,0.8476886423795361,0.3794875339352923,2.233772038804517,5.170724774618718e-26,12
gamma_id,d_encoding_id,SYM-004,SYM-001,asymmetry_norm_normalized,value_final,0.8171835769484332,0.3794875339352923,2.1533871441684145,4.9598424979285003e-26,12
gamma_id,d_encoding_id,SYM-006,SYM-001,asymmetry_norm_normalized,value_final,0.8905040552028276,0.3794875339352923,2.3465963320804906,2.830666487482054e-26,12
gamma_id,d_encoding_id,ASY-001,SYM-001,asymmetry_norm_normalized,value_mean,0.9158484086977198,0.33085869165459897,2.7680953585279324,2.92093951619975e-25,12
gamma_id,d_encoding_id,ASY-002,SYM-001,asymmetry_norm_normalized,value_mean,0.9673435598136071,0.33085869165459897,2.92373627839727,1.754323996043931e-37,12
gamma_id,d_encoding_id,ASY-003,SYM-001,asymmetry_norm_normalized,value_mean,0.9971121426744272,0.33085869165459897,3.0137099850330236,2.0564136222897512e-39,12
gamma_id,d_encoding_id,ASY-004,SYM-001,asymmetry_norm_normalized,value_mean,0.9752617059875306,0.33085869165459897,2.947668387100008,1.7400357824627403e-42,12
gamma_id,d_encoding_id,SYM-002,SYM-001,asymmetry_norm_normalized,value_mean,0.8934779545478649,0.33085869165459897,2.7004820398691964,9.576998436824037e-20,12
gamma_id,d_encoding_id,SYM-003,SYM-001,asymmetry_norm_normalized,value_mean,0.8322339954297874,0.33085869165459897,2.5153759487709055,9.281864577626562e-20,12
gamma_id,d_encoding_id,SYM-004,SYM-001,asymmetry_norm_normalized,value_mean,0.7926640014102908,0.33085869165459897,2.3957780811083995,1.0393423671344833e-19,12
gamma_id,d_encoding_id,SYM-006,SYM-001,asymmetry_norm_normalized,value_mean,0.8688913376484336,0.33085869165459897,2.6261705059134903,6.371374597739377e-20,12
gamma_id,d_encoding_id,ASY-001,SYM-001,asymmetry_norm_normalized,relative_change,0.8904925591807721,0.24492003447467856,3.6358502116446383,5.6694301777044624e-36,12
gamma_id,d_encoding_id,ASY-002,SYM-001,asymmetry_norm_normalized,relative_change,0.9502999276876256,0.24492003447467856,3.8800416214455247,6.848124007442532e-38,12
gamma_id,d_encoding_id,ASY-003,SYM-001,asymmetry_norm_normalized,relative_change,0.9839379197527798,0.24492003447467856,4.017384375529743,8.96839322901137e-40,12
gamma_id,d_encoding_id,ASY-004,SYM-001,asymmetry_norm_normalized,relative_change,0.97477399483169,0.24492003447467856,3.979968388141267,7.130363198505633e-42,12
gamma_id,d_encoding_id,ASY-001,TOP-001,connected_components,value_final,0.9316562890485686,0.44443843925164384,2.096254974293659,4.9848855124318025e-27,12
gamma_id,d_encoding_id,ASY-004,TOP-001,connected_components,value_final,0.9863158639947553,0.44443843925164384,2.2192406796665423,8.976720574641135e-37,12
gamma_id,d_encoding_id,SYM-003,TOP-001,connected_components,value_final,0.947655869378768,0.44443843925164384,2.1322545164510385,8.506646414548256e-28,12
gamma_id,d_encoding_id,SYM-004,TOP-001,connected_components,value_final,0.9464755766909416,0.44443843925164384,2.1295988220205255,3.6282419317846916e-24,12
gamma_id,d_encoding_id,SYM-006,TOP-001,connected_components,value_final,0.9999869891096839,0.44443843925164384,2.2500011268005666,2.0163999031404307e-33,12
gamma_id,d_encoding_id,ASY-001,TOP-001,connected_components,value_mean,0.9601396930082525,0.4151972554498515,2.312490461835966,1.0128033153895074e-24,12
gamma_id,d_encoding_id,ASY-003,TOP-001,connected_components,value_mean,0.8394153700938105,0.4151972554498515,2.0217266831023095,5.402085845178884e-19,12
gamma_id,d_encoding_id,ASY-004,TOP-001,connected_components,value_mean,0.9859227672539725,0.4151972554498515,2.37458883533746,1.4102271913450567e-36,12
gamma_id,d_encoding_id,SYM-002,TOP-001,connected_components,value_mean,0.8824439572564882,0.4151972554498515,2.12536076689715,2.218094802833147e-17,12
gamma_id,d_encoding_id,SYM-003,TOP-001,connected_components,value_mean,0.9729189080560574,0.4151972554498515,2.34326912156954,6.470811105911225e-24,12
gamma_id,d_encoding_id,SYM-004,TOP-001,connected_components,value_mean,0.9708941072219329,0.4151972554498515,2.338392401390042,1.2173114345425856e-29,12
gamma_id,d_encoding_id,SYM-006,TOP-001,connected_components,value_mean,0.9285867594254441,0.4151972554498515,2.23649541811001,1.2749392234549873e-29,12
gamma_id,d_encoding_id,SYM-003,TOP-001,connected_components,slope,0.8573305030315663,0.4132150395066017,2.074780492150672,2.6706969341191704e-31,12
gamma_id,d_encoding_id,SYM-004,TOP-001,connected_components,slope,0.832398967144895,0.4132150395066017,2.0144449924640178,3.4301973441106347e-32,12
gamma_id,d_encoding_id,SYM-006,TOP-001,connected_components,slope,0.9671174134876501,0.4132150395066017,2.3404700241366676,3.986662794754615e-32,12
gamma_id,d_encoding_id,ASY-001,TOP-001,connected_components,volatility,0.9792898584258742,0.4043489959388428,2.421892642894037,3.104308596207533e-44,12
gamma_id,d_encoding_id,ASY-002,TOP-001,connected_components,volatility,0.8804159065319572,0.4043489959388428,2.177366372550901,3.794394690092755e-42,12
gamma_id,d_encoding_id,SYM-001,TOP-001,connected_components,volatility,0.9055970834897494,0.4043489959388428,2.239642221410931,1.996387347629118e-39,12
gamma_id,d_encoding_id,SYM-002,TOP-001,connected_components,volatility,0.9803437562977091,0.4043489959388428,2.424499049444863,3.4094763470975676e-43,12
gamma_id,d_encoding_id,SYM-003,TOP-001,connected_components,volatility,0.9461335794150089,0.4043489959388428,2.339893480428254,3.3126481108972958e-43,12
gamma_id,d_encoding_id,SYM-004,TOP-001,connected_components,volatility,0.9595770926007892,0.4043489959388428,2.3731407824391475,2.6508662496913404e-43,12
gamma_id,d_encoding_id,SYM-005,TOP-001,connected_components,volatility,0.8173675738081427,0.4043489959388428,2.0214408395161896,1.0738272910272821e-42,12
gamma_id,d_encoding_id,SYM-006,TOP-001,connected_components,volatility,0.8863086640127158,0.4043489959388428,2.19193981663001,7.757484162082137e-41,12
gamma_id,d_encoding_id,ASY-001,TOP-001,connected_components,relative_change,0.9228844814726789,0.10794600114866554,8.549501340041886,5.793048366945462e-44,12
gamma_id,d_encoding_id,ASY-002,TOP-001,connected_components,relative_change,0.8119069878481822,0.10794600114866554,7.521417923856267,1.5561234101434322e-41,12
gamma_id,d_encoding_id,ASY-003,TOP-001,connected_components,relative_change,0.8610297743025754,0.10794600114866554,7.976486068406988,1.4074171545337402e-42,12
gamma_id,d_encoding_id,ASY-004,TOP-001,connected_components,relative_change,0.8895542649601461,0.10794600114866554,8.240733843720927,8.070139293070652e-44,12
gamma_id,d_encoding_id,SYM-001,TOP-001,connected_components,relative_change,0.624133531088844,0.10794600114866554,5.781905067787309,1.3774415343577671e-36,12
gamma_id,d_encoding_id,SYM-002,TOP-001,connected_components,relative_change,0.8954835440316848,0.10794600114866554,8.295662039378428,4.561046117380377e-42,12
gamma_id,d_encoding_id,SYM-003,TOP-001,connected_components,relative_change,0.9371155048902753,0.10794600114866554,8.68133599131347,2.309907275723128e-41,12
gamma_id,d_encoding_id,SYM-004,TOP-001,connected_components,relative_change,0.9369788268837006,0.10794600114866554,8.680069821143938,1.5730805060918608e-41,12
gamma_id,d_encoding_id,SYM-005,TOP-001,connected_components,relative_change,0.4553651142725943,0.10794600114866554,4.218452832221693,2.1026698356201452e-39,12
gamma_id,d_encoding_id,SYM-006,TOP-001,connected_components,relative_change,0.9863889953930285,0.10794600114866554,9.137800241757473,1.2925226118218263e-37,12
gamma_id,d_encoding_id,ASY-004,TOP-001,holes_count,value_final,0.9640011533051212,0.4685941930511429,2.0572195891465284,1.2118109389837367e-44,12
gamma_id,d_encoding_id,SYM-006,TOP-001,holes_count,value_final,0.9955489715364673,0.4685941930511429,2.12454397920337,4.33251265631625e-18,12
gamma_id,d_encoding_id,ASY-001,TOP-001,holes_count,value_mean,0.9354774132053784,0.3584946137943194,2.609460162606777,3.429982094776933e-27,12
gamma_id,d_encoding_id,ASY-003,TOP-001,holes_count,value_mean,0.791573490568137,0.3584946137943194,2.208048489739067,1.3643889856000394e-20,12
gamma_id,d_encoding_id,ASY-004,TOP-001,holes_count,value_mean,0.9448836612186319,0.3584946137943194,2.6356983476486593,1.2216601829091735e-42,12
gamma_id,d_encoding_id,SYM-002,TOP-001,holes_count,value_mean,0.8373670324553355,0.3584946137943194,2.3357869274313883,1.3329458667167436e-26,12
gamma_id,d_encoding_id,SYM-003,TOP-001,holes_count,value_mean,0.9094954201050748,0.3584946137943194,2.5369848949163942,5.674449517212742e-22,12
gamma_id,d_encoding_id,SYM-004,TOP-001,holes_count,value_mean,0.784954142477885,0.3584946137943194,2.1895842009170043,3.742742585490266e-22,12
gamma_id,d_encoding_id,SYM-006,TOP-001,holes_count,value_mean,0.9966511289606245,0.3584946137943194,2.780100706150183,5.263695942164745e-11,12
gamma_id,d_encoding_id,ASY-001,TOP-001,holes_count,volatility,0.9374098532860919,0.4623229019935373,2.0276085161344564,2.056624377103529e-44,12
gamma_id,d_encoding_id,SYM-004,TOP-001,holes_count,volatility,0.9469036070844771,0.4623229019935373,2.0481434144867725,6.749476322173265e-43,12
gamma_id,d_encoding_id,ASY-001,TOP-001,holes_count,relative_change,0.9052423837646076,0.1282021932547003,7.061052239302611,1.9893829925918413e-43,12
gamma_id,d_encoding_id,ASY-002,TOP-001,holes_count,relative_change,0.6848411005113261,0.1282021932547003,5.341882873647465,1.3324180842930704e-41,12
gamma_id,d_encoding_id,ASY-003,TOP-001,holes_count,relative_change,0.8275656326587725,0.1282021932547003,6.455159710213704,1.5271829040527975e-42,12
gamma_id,d_encoding_id,ASY-004,TOP-001,holes_count,relative_change,0.9640011533051229,0.1282021932547003,7.519381134064799,1.2118109389837367e-44,12
gamma_id,d_encoding_id,SYM-001,TOP-001,holes_count,relative_change,0.4782608695651942,0.1282021932547003,3.7305201839646345,6.683166418162255e-23,12
gamma_id,d_encoding_id,SYM-002,TOP-001,holes_count,relative_change,0.7616614039673404,0.1282021932547003,5.941094958134934,1.470795697906606e-40,12
gamma_id,d_encoding_id,SYM-003,TOP-001,holes_count,relative_change,0.9155563961695847,0.1282021932547003,7.141503377798238,4.0778484381867973e-41,12
gamma_id,d_encoding_id,SYM-004,TOP-001,holes_count,relative_change,0.8014576463064961,0.1282021932547003,6.251512754654937,6.717742182347694e-42,12
gamma_id,d_encoding_id,SYM-005,TOP-001,holes_count,relative_change,0.3505019383841642,0.1282021932547003,2.7339777072910074,5.446588641211054e-31,12
gamma_id,d_encoding_id,SYM-006,TOP-001,holes_count,relative_change,0.6299559471925602,0.1282021932547003,4.913768877112903,1.9261291892465945e-25,12
gamma_id,d_encoding_id,ASY-001,UNIV-001,frobenius_norm,value_final,0.9829238201806206,0.050997250040725334,19.27405535388042,1.9505344671296467e-43,12
gamma_id,d_encoding_id,ASY-003,UNIV-001,frobenius_norm,value_final,0.9992911882992205,0.050997250040725334,19.59500144618009,3.145987171008079e-36,12
gamma_id,d_encoding_id,ASY-004,UNIV-001,frobenius_norm,value_final,0.9772764701230096,0.050997250040725334,19.163317028713845,1.465398931159611e-43,12
gamma_id,d_encoding_id,SYM-001,UNIV-001,frobenius_norm,value_final,0.9911770096870944,0.050997250040725334,19.43589132542561,1.877621604016904e-43,12
gamma_id,d_encoding_id,SYM-002,UNIV-001,frobenius_norm,value_final,0.9714233831117141,0.050997250040725334,19.048544428100648,8.67451798421174e-43,12
gamma_id,d_encoding_id,SYM-003,UNIV-001,frobenius_norm,value_final,0.9833467502443735,0.050997250040725334,19.282348547403895,5.342903942015719e-44,12
gamma_id,d_encoding_id,SYM-004,UNIV-001,frobenius_norm,value_final,0.9806996005977484,0.050997250040725334,19.2304408534692,1.5901550604214825e-42,12
gamma_id,d_encoding_id,SYM-005,UNIV-001,frobenius_norm,value_final,0.9954075308742043,0.050997250040725334,19.518847194295628,1.1447802575368703e-43,12
gamma_id,d_encoding_id,SYM-006,UNIV-001,frobenius_norm,value_final,0.9997526322042375,0.050997250040725334,19.604049853783412,1.2532801389576238e-44,12
gamma_id,d_encoding_id,SYM-001,UNIV-002,trace_absolute,volatility,0.9825902940592358,0.4684870006103869,2.0973693886469187,1.6435879601808514e-41,12
gamma_id,d_encoding_id,SYM-004,UNIV-002,trace_absolute,volatility,0.9731683328126715,0.4684870006103869,2.0772579208062134,1.5547771143853464e-41,12
gamma_id,d_encoding_id,SYM-005,UNIV-002,trace_absolute,volatility,0.9859923032832864,0.4684870006103869,2.1046310826098633,1.2711605786501679e-42,12
gamma_id,d_encoding_id,SYM-006,UNIV-002,trace_absolute,volatility,0.9999993922047817,0.4684870006103869,2.1345296473581823,4.949509106449443e-44,12
gamma_id,d_encoding_id,SYM-001,UNIV-002,trace_normalized,volatility,0.9825917466852906,0.4670500369392418,2.103825434046835,1.775854111351402e-41,12
gamma_id,d_encoding_id,SYM-004,UNIV-002,trace_normalized,volatility,0.9731687791698143,0.4670500369392418,2.0836499351276427,1.6690386591120469e-41,12
gamma_id,d_encoding_id,SYM-005,UNIV-002,trace_normalized,volatility,0.9859929344416862,0.4670500369392418,2.111107711077975,1.3629566329387084e-42,12
gamma_id,d_encoding_id,SYM-006,UNIV-002,trace_normalized,volatility,0.9999994164424395,0.4670500369392418,2.1410969646760325,5.341956936387612e-44,12
gamma_id,modifier_id,M1,PAT-001,concentration_top10,volatility,0.9168741934699672,0.17558412361100764,5.221851353150969,7.882386873423718e-109,12
gamma_id,modifier_id,M2,PAT-001,concentration_top10,volatility,0.9211330787682659,0.17558412361100764,5.246106879281189,2.038426938211788e-108,12
gamma_id,modifier_id,M1,PAT-001,diversity_simpson,volatility,0.3961929830723371,0.07240967120276706,5.471547881537639,1.2225340590656e-114,12
gamma_id,modifier_id,M1,PAT-001,uniformity,volatility,0.4282784493928502,0.10401302004366333,4.117546526512396,1.3168569449702167e-114,12
gamma_id,modifier_id,M1,SPA-001,gradient_magnitude,volatility,0.9282195479489608,0.0590540202464243,15.7181432199811,7.226421328222076e-84,12
gamma_id,modifier_id,M2,SPA-001,gradient_magnitude,volatility,0.9079626223912379,0.0590540202464243,15.375119570224598,1.2684205651947411e-83,12
gamma_id,modifier_id,M0,SYM-001,asymmetry_norm_normalized,relative_change,0.5163422977225044,0.24492003447467856,2.1082076802332286,9.738150202731595e-43,12
gamma_id,modifier_id,M3,SYM-001,asymmetry_norm_normalized,relative_change,0.5163422977225044,0.24492003447467856,2.1082076802332286,9.738150202731595e-43,12
gamma_id,modifier_id,M1,UNIV-001,frobenius_norm,value_final,0.4474766654246487,0.050997250040725334,8.774525392394752,7.058310872421705e-108,12
gamma_id,modifier_id,M2,UNIV-001,frobenius_norm,value_final,0.4609033055403363,0.050997250040725334,9.037807041992826,1.2206370056866124e-109,12
gamma_id,seed,2,UNIV-001,frobenius_norm,value_final,0.4433949431874652,0.050997250040725334,8.694487307323028,2.54685182507504e-81,12
gamma_id,seed,3,UNIV-001,frobenius_norm,value_final,0.4468773949035477,0.050997250040725334,8.762774356395312,2.3001672540208386e-83,12
gamma_id,seed,4,UNIV-001,frobenius_norm,value_final,0.45058061376188274,0.050997250040725334,8.835390406385805,3.532032502744566e-82,12
gamma_id,seed,5,UNIV-001,frobenius_norm,value_final,0.44583113073701275,0.050997250040725334,8.742258266494396,3.247336214043423e-83,12
d_encoding_id,gamma_id,GAM-001,GRA-001,clustering_local,value_final,0.42784156153910746,0.05041109623119513,8.487051334431264,6.241128143984295e-14,10
d_encoding_id,gamma_id,GAM-002,GRA-001,clustering_local,value_final,0.9999982662760298,0.05041109623119513,19.836868091299632,6.528339737832794e-38,10
d_encoding_id,gamma_id,GAM-003,GRA-001,clustering_local,value_final,0.42784156153910746,0.05041109623119513,8.487051334431264,6.241128143984295e-14,10
d_encoding_id,gamma_id,GAM-007,GRA-001,clustering_local,value_final,0.9999992889262831,0.05041109623119513,19.83688837751298,6.52737629522342e-38,10
d_encoding_id,gamma_id,GAM-008,GRA-001,clustering_local,value_final,0.42784156153910746,0.05041109623119513,8.487051334431264,6.241128143984295e-14,10
d_encoding_id,gamma_id,GAM-012,GRA-001,clustering_local,value_final,0.4243132462605759,0.05041109623119513,8.41706048832171,6.339054821414149e-14,10
d_encoding_id,gamma_id,GAM-013,GRA-001,clustering_local,value_final,0.6683514467912428,0.05041109623119513,13.25802247437851,9.171059654700837e-17,10
d_encoding_id,gamma_id,GAM-001,GRA-001,clustering_local,value_mean,0.4314583069433837,0.060016527177670705,7.188991553378464,1.9277569089503193e-36,10
d_encoding_id,gamma_id,GAM-002,GRA-001,clustering_local,value_mean,0.9998594684411798,0.060016527177670705,16.65973550054359,1.739310267106843e-36,10
d_encoding_id,gamma_id,GAM-003,GRA-001,clustering_local,value_mean,0.4396442838347453,0.060016527177670705,7.325386931057151,3.162418462839821e-36,10
d_encoding_id,gamma_id,GAM-004,GRA-001,clustering_local,value_mean,0.9947245412424505,0.060016527177670705,16.57417694792144,7.021342028177442e-37,10
d_encoding_id,gamma_id,GAM-005,GRA-001,clustering_local,value_mean,0.9915097950885154,0.060016527177670705,16.520612599814157,1.0367398211369602e-36,10
d_encoding_id,gamma_id,GAM-006,GRA-001,clustering_local,value_mean,0.9928511946575633,0.060016527177670705,16.54296310278606,4.672524569980884e-37,10
d_encoding_id,gamma_id,GAM-007,GRA-001,clustering_local,value_mean,0.9997546771967878,0.060016527177670705,16.65798946075555,2.8629345282235397e-36,10
d_encoding_id,gamma_id,GAM-008,GRA-001,clustering_local,value_mean,0.4314585582875617,0.060016527177670705,7.188995741294523,1.9289932582475245e-36,10
d_encoding_id,gamma_id,GAM-009,GRA-001,clustering_local,value_mean,0.9944843719904798,0.060016527177670705,16.570175229340496,6.183816730400742e-37,10
d_encoding_id,gamma_id,GAM-010,GRA-001,clustering_local,value_mean,0.9832967698289008,0.060016527177670705,16.38376654013961,1.1432395982766719e-36,10
d_encoding_id,gamma_id,GAM-012,GRA-001,clustering_local,value_mean,0.4254237210120482,0.060016527177670705,7.088442817636541,3.0859111133391617e-28,10
d_encoding_id,gamma_id,GAM-013,GRA-001,clustering_local,value_mean,0.8779071271192042,0.060016527177670705,14.627756193227915,2.536068548074173e-35,10
d_encoding_id,gamma_id,GAM-002,GRA-001,clustering_local,relative_change,0.8145279045760262,0.1267893144096004,6.424263025389076,2.514481136144837e-36,10
d_encoding_id,gamma_id,GAM-004,GRA-001,clustering_local,relative_change,0.7297297319323565,0.1267893144096004,5.7554513590547645,1.0365228766926687e-36,10
d_encoding_id,gamma_id,GAM-005,GRA-001,clustering_local,relative_change,0.7297297319323565,0.1267893144096004,5.7554513590547645,1.0365228766926687e-36,10
d_encoding_id,gamma_id,GAM-006,GRA-001,clustering_local,relative_change,0.7297297319323565,0.1267893144096004,5.7554513590547645,1.0365228766926687e-36,10
d_encoding_id,gamma_id,GAM-007,GRA-001,clustering_local,relative_change,0.836757367450266,0.1267893144096004,6.599589021729952,2.514481136144837e-36,10
d_encoding_id,gamma_id,GAM-009,GRA-001,clustering_local,relative_change,0.7297297317646689,0.1267893144096004,5.755451357732197,1.0365228766926687e-36,10
d_encoding_id,gamma_id,GAM-010,GRA-001,clustering_local,relative_change,0.7297297319323565,0.1267893144096004,5.7554513590547645,1.0365228766926687e-36,10
d_encoding_id,gamma_id,GAM-001,GRA-001,degree_variance,volatility,0.5248364632836788,0.07100440188895961,7.391604595225596,5.323986675421405e-13,10
d_encoding_id,gamma_id,GAM-002,GRA-001,degree_variance,volatility,0.5878173378380747,0.07100440188895961,8.278604173827619,1.669873028352387e-19,10
d_encoding_id,gamma_id,GAM-004,GRA-001,degree_variance,volatility,0.7522390111520962,0.07100440188895961,10.594258822551408,1.461379173519162e-26,10
d_encoding_id,gamma_id,GAM-005,GRA-001,degree_variance,volatility,0.7612149473297749,0.07100440188895961,10.720672621398919,2.988274289769757e-30,10
d_encoding_id,gamma_id,GAM-006,GRA-001,degree_variance,volatility,0.6376233939866677,0.07100440188895961,8.980054433580278,6.783360339629567e-24,10
d_encoding_id,gamma_id,GAM-007,GRA-001,degree_variance,volatility,0.5283508000361534,0.07100440188895961,7.441099227374888,1.5860411675352726e-18,10
d_encoding_id,gamma_id,GAM-008,GRA-001,degree_variance,volatility,0.5248364850016426,0.07100440188895961,7.391604901093446,5.323986675421405e-13,10
d_encoding_id,gamma_id,GAM-009,GRA-001,degree_variance,volatility,0.49586561144507035,0.07100440188895961,6.9835897247684855,4.607694587526694e-15,10
d_encoding_id,gamma_id,GAM-010,GRA-001,degree_variance,volatility,0.4932934821516881,0.07100440188895961,6.947364797511092,6.142850626913109e-12,10
d_encoding_id,gamma_id,GAM-012,GRA-001,degree_variance,volatility,0.5991930444394484,0.07100440188895961,8.438815460716052,2.0866524795107072e-27,10
d_encoding_id,gamma_id,GAM-013,GRA-001,degree_variance,volatility,0.8837085832929057,0.07100440188895961,12.445828142808601,5.4352430786795304e-21,10
d_encoding_id,gamma_id,GAM-001,GRA-001,density,value_final,0.4186768502977917,0.05776764205304226,7.2476015190885335,6.241128143984295e-14,10
d_encoding_id,gamma_id,GAM-002,GRA-001,density,value_final,0.9999992190239442,0.05776764205304226,17.310715540470646,6.510058106169075e-38,10
d_encoding_id,gamma_id,GAM-003,GRA-001,density,value_final,0.4186768502977917,0.05776764205304226,7.2476015190885335,6.241128143984295e-14,10
d_encoding_id,gamma_id,GAM-007,GRA-001,density,value_final,0.9999995839143709,0.05776764205304226,17.310721856989957,6.485122313677294e-38,10
d_encoding_id,gamma_id,GAM-008,GRA-001,density,value_final,0.4186768502977917,0.05776764205304226,7.2476015190885335,6.241128143984295e-14,10
d_encoding_id,gamma_id,GAM-010,GRA-001,density,value_final,0.8046948823055521,0.05776764205304226,13.929855083347197,2.0588780152132158e-29,10
d_encoding_id,gamma_id,GAM-012,GRA-001,density,value_final,0.412108946320807,0.05776764205304226,7.1339063128525915,6.339054821414149e-14,10
d_encoding_id,gamma_id,GAM-013,GRA-001,density,value_final,0.6690313709224425,0.05776764205304226,11.581420794501838,8.580993849371044e-17,10
d_encoding_id,gamma_id,GAM-001,GRA-001,density,value_mean,0.4221747276752929,0.07212386562531366,5.853467836409481,1.4200447002258748e-36,10
d_encoding_id,gamma_id,GAM-002,GRA-001,density,value_mean,0.9999437298373964,0.07212386562531366,13.86425590430973,3.4995693946284375e-37,10
d_encoding_id,gamma_id,GAM-003,GRA-001,density,value_mean,0.42953211096918614,0.07212386562531366,5.955478221323057,2.6403881338315042e-36,10
d_encoding_id,gamma_id,GAM-004,GRA-001,density,value_mean,0.9986173488487877,0.07212386562531366,13.845865584030735,3.674399895374926e-37,10
d_encoding_id,gamma_id,GAM-005,GRA-001,density,value_mean,0.9991713288445615,0.07212386562531366,13.853546536666464,2.4616550369293423e-37,10
d_encoding_id,gamma_id,GAM-006,GRA-001,density,value_mean,0.9965476378222314,0.07212386562531366,13.817168965947221,8.007372860605123e-37,10
d_encoding_id,gamma_id,GAM-007,GRA-001,density,value_mean,0.999904540105727,0.07212386562531366,13.863712537265693,4.186906700822567e-37,10
d_encoding_id,gamma_id,GAM-008,GRA-001,density,value_mean,0.4221749708138597,0.07212386562531366,5.8534712075344855,1.4184755630544255e-36,10
d_encoding_id,gamma_id,GAM-009,GRA-001,density,value_mean,0.9926880961301784,0.07212386562531366,13.763656281087767,9.106384002443519e-37,10
d_encoding_id,gamma_id,GAM-010,GRA-001,density,value_mean,0.9887940059439809,0.07212386562531366,13.70966458011007,2.1247223252734403e-36,10
d_encoding_id,gamma_id,GAM-012,GRA-001,density,value_mean,0.41346450950988045,0.07212386562531366,5.732700347175579,2.9685512742670254e-28,10
d_encoding_id,gamma_id,GAM-013,GRA-001,density,value_mean,0.8716693026143478,0.07212386562531366,12.085726341162916,2.340591975284873e-35,10
d_encoding_id,gamma_id,GAM-002,GRA-001,density,relative_change,0.8274557183203958,0.12699273090926524,6.515772299688576,8.552598588745816e-37,10
d_encoding_id,gamma_id,GAM-004,GRA-001,density,relative_change,0.7297297307749127,0.12699273090926524,5.746232288651983,2.4609572125441284e-37,10
d_encoding_id,gamma_id,GAM-005,GRA-001,density,relative_change,0.7297297307749127,0.12699273090926524,5.746232288651983,2.4609572125441284e-37,10
d_encoding_id,gamma_id,GAM-006,GRA-001,density,relative_change,0.7297297307749127,0.12699273090926524,5.746232288651983,2.4609572125441284e-37,10
d_encoding_id,gamma_id,GAM-007,GRA-001,density,relative_change,0.8416318419732179,0.12699273090926524,6.6274017099022275,8.552598588745816e-37,10
d_encoding_id,gamma_id,GAM-009,GRA-001,density,relative_change,0.7297297306186353,0.12699273090926524,5.746232287421383,2.46095721254388e-37,10
d_encoding_id,gamma_id,GAM-001,PAT-001,concentration_top10,value_final,0.4381384776918479,0.05643413540392945,7.763713833052553,1.5747807294827818e-12,10
d_encoding_id,gamma_id,GAM-002,PAT-001,concentration_top10,value_final,0.7972524096214471,0.05643413540392945,14.127130750122827,5.856222299820521e-34,10
d_encoding_id,gamma_id,GAM-003,PAT-001,concentration_top10,value_final,0.9930199361645038,0.05643413540392945,17.596086642542254,4.722874817160289e-37,10
d_encoding_id,gamma_id,GAM-006,PAT-001,concentration_top10,value_final,0.48708425412824624,0.05643413540392945,8.631021821135779,4.0294440650802744e-36,10
d_encoding_id,gamma_id,GAM-007,PAT-001,concentration_top10,value_final,0.7485081811947534,0.05643413540392945,13.263394146774427,8.144616191659443e-31,10
d_encoding_id,gamma_id,GAM-008,PAT-001,concentration_top10,value_final,0.4381384776918479,0.05643413540392945,7.763713833052553,1.5747807294827818e-12,10
d_encoding_id,gamma_id,GAM-010,PAT-001,concentration_top10,value_final,0.6489264600206678,0.05643413540392945,11.498828774038127,3.526392610395868e-35,10
d_encoding_id,gamma_id,GAM-012,PAT-001,concentration_top10,value_final,0.45382499809595356,0.05643413540392945,8.041675394646946,3.412820848500914e-16,10
d_encoding_id,gamma_id,GAM-013,PAT-001,concentration_top10,value_final,0.8713484228610066,0.05643413540392945,15.440095194589187,3.207706574940254e-26,10
d_encoding_id,gamma_id,GAM-001,PAT-001,concentration_top10,value_mean,0.44091443097526767,0.1092985849064222,4.034036043126852,1.952027859472212e-32,10
d_encoding_id,gamma_id,GAM-002,PAT-001,concentration_top10,value_mean,0.654620584930743,0.1092985849064222,5.98928691978224,1.7352925262161426e-25,10
d_encoding_id,gamma_id,GAM-003,PAT-001,concentration_top10,value_mean,0.9930199361645036,0.1092985849064222,9.085386942700987,4.722874817160289e-37,10
d_encoding_id,gamma_id,GAM-004,PAT-001,concentration_top10,value_mean,0.9929586341431873,0.1092985849064222,9.084826075226182,5.4167845076631954e-37,10
d_encoding_id,gamma_id,GAM-005,PAT-001,concentration_top10,value_mean,0.9931562462744348,0.1092985849064222,9.086634077877056,8.988670769231862e-37,10
d_encoding_id,gamma_id,GAM-006,PAT-001,concentration_top10,value_mean,0.5351284173388747,0.1092985849064222,4.896023290667796,4.6308038935291466e-36,10
d_encoding_id,gamma_id,GAM-007,PAT-001,concentration_top10,value_mean,0.6041057131277962,0.1092985849064222,5.527113764967875,3.3846379880795616e-22,10
d_encoding_id,gamma_id,GAM-008,PAT-001,concentration_top10,value_mean,0.4409146682848448,0.1092985849064222,4.034038214331331,2.0152174151708856e-32,10
d_encoding_id,gamma_id,GAM-009,PAT-001,concentration_top10,value_mean,0.9781179765217757,0.1092985849064222,8.949045199068292,4.276993354377335e-37,10
d_encoding_id,gamma_id,GAM-010,PAT-001,concentration_top10,value_mean,0.6867298506435688,0.1092985849064222,6.283062596204004,4.176137848346788e-36,10
d_encoding_id,gamma_id,GAM-012,PAT-001,concentration_top10,value_mean,0.45651753347274854,0.1092985849064222,4.17679271752332,2.0196566315318176e-35,10
d_encoding_id,gamma_id,GAM-013,PAT-001,concentration_top10,value_mean,0.8877186201517384,0.1092985849064222,8.121958952275305,4.653391755599316e-32,10
d_encoding_id,gamma_id,GAM-001,PAT-001,concentration_top10,slope,0.5433439008682672,0.08238210472082617,6.5954117427508505,2.0778198172464794e-20,10
d_encoding_id,gamma_id,GAM-002,PAT-001,concentration_top10,slope,0.8854524380545049,0.08238210472082617,10.748116245088635,6.894229060124954e-33,10
d_encoding_id,gamma_id,GAM-004,PAT-001,concentration_top10,slope,0.9929805740976116,0.08238210472082617,12.053352818097963,4.396737763869788e-37,10
d_encoding_id,gamma_id,GAM-005,PAT-001,concentration_top10,slope,0.9931563028247791,0.08238210472082617,12.055485911538133,9.077073291964246e-37,10
d_encoding_id,gamma_id,GAM-006,PAT-001,concentration_top10,slope,0.6044361359139411,0.08238210472082617,7.336983413597344,2.4488703202203565e-26,10
d_encoding_id,gamma_id,GAM-007,PAT-001,concentration_top10,slope,0.8954615693907947,0.08238210472082617,10.869612671651277,3.538428037990507e-33,10
d_encoding_id,gamma_id,GAM-008,PAT-001,concentration_top10,slope,0.5433129362890318,0.08238210472082617,6.595035877393436,2.0790816924566698e-20,10
d_encoding_id,gamma_id,GAM-009,PAT-001,concentration_top10,slope,0.9779966790934179,0.08238210472082617,11.871469931578243,4.17899843617366e-37,10
d_encoding_id,gamma_id,GAM-010,PAT-001,concentration_top10,slope,0.7203598872021182,0.08238210472082617,8.744130653656526,2.5991200675350012e-36,10
d_encoding_id,gamma_id,GAM-012,PAT-001,concentration_top10,slope,0.5085551373789107,0.08238210472082617,6.173126300939821,2.5665998683220224e-20,10
d_encoding_id,gamma_id,GAM-013,PAT-001,concentration_top10,slope,0.971204170517357,0.08238210472082617,11.789018668660415,3.5123743703957305e-34,10
d_encoding_id,gamma_id,GAM-001,PAT-001,diversity_simpson,value_final,0.721748341857612,0.1060085717547609,6.80839605619154,3.192778230030056e-24,10
d_encoding_id,gamma_id,GAM-002,PAT-001,diversity_simpson,value_final,0.41786847601625554,0.1060085717547609,3.9418366750846148,1.9096680834523676e-08,10
d_encoding_id,gamma_id,GAM-003,PAT-001,diversity_simpson,value_final,0.5399420256648655,0.1060085717547609,5.093380815600097,1.4259221921288148e-35,10
d_encoding_id,gamma_id,GAM-004,PAT-001,diversity_simpson,value_final,0.5399420256648655,0.1060085717547609,5.093380815600097,1.4259221921288148e-35,10
d_encoding_id,gamma_id,GAM-005,PAT-001,diversity_simpson,value_final,0.5399420256648655,0.1060085717547609,5.093380815600097,1.4259221921288148e-35,10
d_encoding_id,gamma_id,GAM-007,PAT-001,diversity_simpson,value_final,0.41044554758394797,0.1060085717547609,3.8718147107336596,3.42171361111004e-05,10
d_encoding_id,gamma_id,GAM-008,PAT-001,diversity_simpson,value_final,0.721748341857612,0.1060085717547609,6.80839605619154,3.192778230030056e-24,10
d_encoding_id,gamma_id,GAM-010,PAT-001,diversity_simpson,value_final,0.5175106345145482,0.1060085717547609,4.881781029101607,4.0763057409428843e-26,10
d_encoding_id,gamma_id,GAM-012,PAT-001,diversity_simpson,value_final,0.6264760830512697,0.1060085717547609,5.909673837513373,3.2068327300340835e-16,10
d_encoding_id,gamma_id,GAM-013,PAT-001,diversity_simpson,value_final,0.5092292970253274,0.1060085717547609,4.803661520913356,2.5527176021144167e-26,10
d_encoding_id,gamma_id,GAM-001,PAT-001,diversity_simpson,value_mean,0.7193441464142075,0.11841543110600823,6.074750053227725,1.6351682822904733e-27,10
d_encoding_id,gamma_id,GAM-002,PAT-001,diversity_simpson,value_mean,0.48898168109167145,0.11841543110600823,4.129374664471928,1.7595579792834742e-26,10
d_encoding_id,gamma_id,GAM-003,PAT-001,diversity_simpson,value_mean,0.5399420256648657,0.11841543110600823,4.5597268921944565,1.4259221921288148e-35,10
d_encoding_id,gamma_id,GAM-004,PAT-001,diversity_simpson,value_mean,0.5399420256648657,0.11841543110600823,4.5597268921944565,1.4259221921288148e-35,10
d_encoding_id,gamma_id,GAM-005,PAT-001,diversity_simpson,value_mean,0.5399420256648657,0.11841543110600823,4.5597268921944565,1.4259221921288148e-35,10
d_encoding_id,gamma_id,GAM-007,PAT-001,diversity_simpson,value_mean,0.5038018280817275,0.11841543110600823,4.2545285135238196,1.271817959188875e-27,10
d_encoding_id,gamma_id,GAM-008,PAT-001,diversity_simpson,value_mean,0.719270246593725,0.11841543110600823,6.0741259806740695,1.6351682822904733e-27,10
d_encoding_id,gamma_id,GAM-009,PAT-001,diversity_simpson,value_mean,0.5799773333189636,0.11841543110600823,4.897818872945321,1.1387441404342007e-32,10
d_encoding_id,gamma_id,GAM-010,PAT-001,diversity_simpson,value_mean,0.48451309236604984,0.11841543110600823,4.0916381238548425,6.315934593527828e-35,10
d_encoding_id,gamma_id,GAM-012,PAT-001,diversity_simpson,value_mean,0.6248814816728739,0.11841543110600823,5.277027460327072,3.460326836033229e-21,10
d_encoding_id,gamma_id,GAM-013,PAT-001,diversity_simpson,value_mean,0.4826385915852107,0.11841543110600823,4.075808254695636,2.2388700390443996e-27,10
d_encoding_id,gamma_id,GAM-001,PAT-001,diversity_simpson,slope,0.7353157246303353,0.05077814770164985,14.480948162007175,5.621641547343974e-34,10
d_encoding_id,gamma_id,GAM-002,PAT-001,diversity_simpson,slope,0.5562169962577108,0.05077814770164985,10.953865421121664,1.5070488155675567e-31,10
d_encoding_id,gamma_id,GAM-006,PAT-001,diversity_simpson,slope,0.9299584244808184,0.05077814770164985,18.31414627301584,2.4510566413762224e-36,10
d_encoding_id,gamma_id,GAM-007,PAT-001,diversity_simpson,slope,0.5717131361520155,0.05077814770164985,11.259038819437672,1.0778823612569076e-32,10
d_encoding_id,gamma_id,GAM-008,PAT-001,diversity_simpson,slope,0.7143169781561693,0.05077814770164985,14.067409121600555,5.621641547343974e-34,10
d_encoding_id,gamma_id,GAM-009,PAT-001,diversity_simpson,slope,0.5763011273615571,0.05077814770164985,11.349392473858048,1.610825449229989e-32,10
d_encoding_id,gamma_id,GAM-012,PAT-001,diversity_simpson,slope,0.8437489492296482,0.05077814770164985,16.616379041377154,2.2735803246765155e-36,10
d_encoding_id,gamma_id,GAM-013,PAT-001,diversity_simpson,slope,0.6376396606310626,0.05077814770164985,12.557363541056162,6.899833550607803e-27,10
d_encoding_id,gamma_id,GAM-001,PAT-001,diversity_simpson,volatility,0.4775276130486335,0.07455034223600353,6.405438241140832,6.000668868810478e-35,10
d_encoding_id,gamma_id,GAM-002,PAT-001,diversity_simpson,volatility,0.5050281216044121,0.07455034223600353,6.774323315721984,8.831305800300204e-34,10
d_encoding_id,gamma_id,GAM-006,PAT-001,diversity_simpson,volatility,0.8038189520009962,0.07455034223600353,10.782230207023757,2.651943744244161e-28,10
d_encoding_id,gamma_id,GAM-007,PAT-001,diversity_simpson,volatility,0.502079352521849,0.07455034223600353,6.734769250722145,5.906890698314618e-33,10
d_encoding_id,gamma_id,GAM-008,PAT-001,diversity_simpson,volatility,0.4801077612003449,0.07455034223600353,6.440047715414517,6.000668868810478e-35,10
d_encoding_id,gamma_id,GAM-009,PAT-001,diversity_simpson,volatility,0.4926207747049177,0.07455034223600353,6.607894208525983,7.1533564562898055e-34,10
d_encoding_id,gamma_id,GAM-010,PAT-001,diversity_simpson,volatility,0.7516225340067019,0.07455034223600353,10.08208026231852,9.92920492383965e-32,10
d_encoding_id,gamma_id,GAM-012,PAT-001,diversity_simpson,volatility,0.4590846809300154,0.07455034223600353,6.158049274632356,3.132415425248079e-30,10
d_encoding_id,gamma_id,GAM-013,PAT-001,diversity_simpson,volatility,0.4590962307656285,0.07455034223600353,6.158204201293544,1.0182557644960521e-22,10
d_encoding_id,gamma_id,GAM-001,PAT-001,diversity_simpson,relative_change,0.7517794577524349,0.10417135565730937,7.216757937043176,5.868608590206936e-34,10
d_encoding_id,gamma_id,GAM-002,PAT-001,diversity_simpson,relative_change,0.4701526816090441,0.10417135565730937,4.513262582045077,2.6522965385724056e-35,10
d_encoding_id,gamma_id,GAM-006,PAT-001,diversity_simpson,relative_change,0.9370389150528754,0.10417135565730937,8.995168673194918,7.948844233824682e-35,10
d_encoding_id,gamma_id,GAM-007,PAT-001,diversity_simpson,relative_change,0.4701446097811866,0.10417135565730937,4.513185095985627,1.2145550486802157e-34,10
d_encoding_id,gamma_id,GAM-008,PAT-001,diversity_simpson,relative_change,0.7517794577524349,0.10417135565730937,7.216757937043176,5.868608590206936e-34,10
d_encoding_id,gamma_id,GAM-009,PAT-001,diversity_simpson,relative_change,0.47007298139480985,0.10417135565730937,4.512497494428319,1.1080908712332987e-35,10
d_encoding_id,gamma_id,GAM-010,PAT-001,diversity_simpson,relative_change,0.33938486212185554,0.10417135565730937,3.2579480220870294,2.830935037661699e-07,10
d_encoding_id,gamma_id,GAM-012,PAT-001,diversity_simpson,relative_change,0.7286779302855343,0.10417135565730937,6.99499325594507,7.249682062720314e-36,10
d_encoding_id,gamma_id,GAM-013,PAT-001,diversity_simpson,relative_change,0.4928023317649463,0.10417135565730937,4.730689436221885,6.5497344437044076e-24,10
d_encoding_id,gamma_id,GAM-001,PAT-001,uniformity,value_final,0.7217483418576119,0.10600857175476039,6.808396056191572,3.192778230030056e-24,10
d_encoding_id,gamma_id,GAM-002,PAT-001,uniformity,value_final,0.417868476016255,0.10600857175476039,3.941836675084629,1.9096680834523676e-08,10
d_encoding_id,gamma_id,GAM-003,PAT-001,uniformity,value_final,0.539942025664865,0.10600857175476039,5.093380815600117,1.4259221921288148e-35,10
d_encoding_id,gamma_id,GAM-004,PAT-001,uniformity,value_final,0.539942025664865,0.10600857175476039,5.093380815600117,1.4259221921288148e-35,10
d_encoding_id,gamma_id,GAM-005,PAT-001,uniformity,value_final,0.539942025664865,0.10600857175476039,5.093380815600117,1.4259221921288148e-35,10
d_encoding_id,gamma_id,GAM-007,PAT-001,uniformity,value_final,0.41044554758393453,0.10600857175476039,3.8718147107335517,3.42171361111004e-05,10
d_encoding_id,gamma_id,GAM-008,PAT-001,uniformity,value_final,0.7217483418576119,0.10600857175476039,6.808396056191572,3.192778230030056e-24,10
d_encoding_id,gamma_id,GAM-010,PAT-001,uniformity,value_final,0.5175106345145477,0.10600857175476039,4.881781029101626,4.0763057409428843e-26,10
d_encoding_id,gamma_id,GAM-012,PAT-001,uniformity,value_final,0.6264760830512702,0.10600857175476039,5.909673837513408,3.2068327300340835e-16,10
d_encoding_id,gamma_id,GAM-013,PAT-001,uniformity,value_final,0.5092292970253268,0.10600857175476039,4.803661520913374,2.5527176021144167e-26,10
d_encoding_id,gamma_id,GAM-001,PAT-001,uniformity,value_mean,0.7193441464142072,0.11841543110600804,6.074750053227732,1.6351682822904733e-27,10
d_encoding_id,gamma_id,GAM-002,PAT-001,uniformity,value_mean,0.48898168109167117,0.11841543110600804,4.129374664471932,1.7595579792834742e-26,10
d_encoding_id,gamma_id,GAM-003,PAT-001,uniformity,value_mean,0.5399420256648652,0.11841543110600804,4.559726892194459,1.4259221921288148e-35,10
d_encoding_id,gamma_id,GAM-004,PAT-001,uniformity,value_mean,0.5399420256648652,0.11841543110600804,4.559726892194459,1.4259221921288148e-35,10
d_encoding_id,gamma_id,GAM-005,PAT-001,uniformity,value_mean,0.5399420256648652,0.11841543110600804,4.559726892194459,1.4259221921288148e-35,10
d_encoding_id,gamma_id,GAM-007,PAT-001,uniformity,value_mean,0.503801828081731,0.11841543110600804,4.254528513523857,1.271817959188875e-27,10
d_encoding_id,gamma_id,GAM-008,PAT-001,uniformity,value_mean,0.7192702465937252,0.11841543110600804,6.074125980674081,1.6351682822904733e-27,10
d_encoding_id,gamma_id,GAM-009,PAT-001,uniformity,value_mean,0.5799773333190349,0.11841543110600804,4.8978188729459315,1.1387219463741315e-32,10
d_encoding_id,gamma_id,GAM-010,PAT-001,uniformity,value_mean,0.484513092366049,0.11841543110600804,4.091638123854842,6.315934593527828e-35,10
d_encoding_id,gamma_id,GAM-012,PAT-001,uniformity,value_mean,0.6248814816728739,0.11841543110600804,5.27702746032708,3.460326836033229e-21,10
d_encoding_id,gamma_id,GAM-013,PAT-001,uniformity,value_mean,0.4826385915852101,0.11841543110600804,4.075808254695637,2.2388700390443996e-27,10
d_encoding_id,gamma_id,GAM-001,PAT-001,uniformity,slope,0.7353157246303386,0.050778147701649845,14.480948162007241,5.621641547343974e-34,10
d_encoding_id,gamma_id,GAM-002,PAT-001,uniformity,slope,0.5562169962577113,0.050778147701649845,10.953865421121675,1.5070488155675567e-31,10
d_encoding_id,gamma_id,GAM-006,PAT-001,uniformity,slope,0.9299584244808186,0.050778147701649845,18.314146273015844,2.4510566413762224e-36,10
d_encoding_id,gamma_id,GAM-007,PAT-001,uniformity,slope,0.5717131361520151,0.050778147701649845,11.259038819437666,1.0778823612569076e-32,10
d_encoding_id,gamma_id,GAM-008,PAT-001,uniformity,slope,0.714316978156169,0.050778147701649845,14.06740912160055,5.621641547343974e-34,10
d_encoding_id,gamma_id,GAM-009,PAT-001,uniformity,slope,0.5763011273615569,0.050778147701649845,11.349392473858044,1.610825449229989e-32,10
d_encoding_id,gamma_id,GAM-012,PAT-001,uniformity,slope,0.8437489492296489,0.050778147701649845,16.616379041377172,2.2735803246765155e-36,10
d_encoding_id,gamma_id,GAM-013,PAT-001,uniformity,slope,0.6376396606310628,0.050778147701649845,12.557363541056167,6.899833550607803e-27,10
d_encoding_id,gamma_id,GAM-001,PAT-001,uniformity,volatility,0.5970359300684001,0.0992045617037222,6.018230611727999,5.978122913521875e-35,10
d_encoding_id,gamma_id,GAM-002,PAT-001,uniformity,volatility,0.5051184253612214,0.0992045617037222,5.091685469764735,8.831305800300204e-34,10
d_encoding_id,gamma_id,GAM-006,PAT-001,uniformity,volatility,0.7989656301532583,0.0992045617037222,8.053718664060996,3.5990276005944504e-28,10
d_encoding_id,gamma_id,GAM-007,PAT-001,uniformity,volatility,0.5021767634009452,0.0992045617037222,5.0620329829258575,5.906890698314618e-33,10
d_encoding_id,gamma_id,GAM-008,PAT-001,uniformity,volatility,0.5941251011141134,0.0992045617037222,5.9888889271895405,5.978122913521875e-35,10
d_encoding_id,gamma_id,GAM-009,PAT-001,uniformity,volatility,0.4926249759347237,0.0992045617037222,4.9657492304231425,7.1533564562898055e-34,10
d_encoding_id,gamma_id,GAM-010,PAT-001,uniformity,volatility,0.7187881493537871,0.0992045617037222,7.245515095369025,1.9095995240795404e-31,10
d_encoding_id,gamma_id,GAM-012,PAT-001,uniformity,volatility,0.5352471122264809,0.0992045617037222,5.395388105488683,3.132415425248079e-30,10
d_encoding_id,gamma_id,GAM-013,PAT-001,uniformity,volatility,0.45787568868037737,0.0992045617037222,4.615470103560749,1.1017475325376001e-22,10
d_encoding_id,gamma_id,GAM-001,PAT-001,uniformity,relative_change,0.7519023621217158,0.09903468445712028,7.592313402556172,5.757308208242098e-34,10
d_encoding_id,gamma_id,GAM-002,PAT-001,uniformity,relative_change,0.4693613844509041,0.09903468445712028,4.7393636585385055,2.6522965385724056e-35,10
d_encoding_id,gamma_id,GAM-006,PAT-001,uniformity,relative_change,0.9372700687995206,0.09903468445712028,9.46405871778525,7.552107760306524e-35,10
d_encoding_id,gamma_id,GAM-007,PAT-001,uniformity,relative_change,0.4693564918639706,0.09903468445712028,4.739314255776632,1.2145550486802157e-34,10
d_encoding_id,gamma_id,GAM-008,PAT-001,uniformity,relative_change,0.7519023621217158,0.09903468445712028,7.592313402556172,5.757308208242098e-34,10
d_encoding_id,gamma_id,GAM-009,PAT-001,uniformity,relative_change,0.46920887681382945,0.09903468445712028,4.737823716871496,1.1080908712332987e-35,10
d_encoding_id,gamma_id,GAM-010,PAT-001,uniformity,relative_change,0.35959617525527393,0.09903468445712028,3.631012480389845,4.437728851233335e-08,10
d_encoding_id,gamma_id,GAM-012,PAT-001,uniformity,relative_change,0.7287175657908233,0.09903468445712028,7.3582055598545475,7.249682062720314e-36,10
d_encoding_id,gamma_id,GAM-013,PAT-001,uniformity,relative_change,0.5010380989925339,0.09903468445712028,5.059218411600754,6.855409836196409e-24,10
d_encoding_id,gamma_id,GAM-001,SPA-001,gradient_magnitude,relative_change,0.330090028792159,0.050062048918566436,6.593618038468637,2.402349893099854e-12,10
d_encoding_id,gamma_id,GAM-002,SPA-001,gradient_magnitude,relative_change,0.7313862518147417,0.050062048918566436,14.609594845078217,1.1505438750411056e-29,10
d_encoding_id,gamma_id,GAM-006,SPA-001,gradient_magnitude,relative_change,0.41339053893519806,0.050062048918566436,8.257563321222447,9.148263511415177e-18,10
d_encoding_id,gamma_id,GAM-007,SPA-001,gradient_magnitude,relative_change,0.7254323150638103,0.050062048918566436,14.490663701037022,7.535828455139762e-28,10
d_encoding_id,gamma_id,GAM-008,SPA-001,gradient_magnitude,relative_change,0.330090028792159,0.050062048918566436,6.593618038468637,2.402349893099854e-12,10
d_encoding_id,gamma_id,GAM-009,SPA-001,gradient_magnitude,relative_change,0.8730570814099665,0.050062048918566436,17.439499586405805,1.265761583876591e-35,10
d_encoding_id,gamma_id,GAM-010,SPA-001,gradient_magnitude,relative_change,0.7991367415921624,0.050062048918566436,15.962925186943114,4.555055811324343e-28,10
d_encoding_id,gamma_id,GAM-012,SPA-001,gradient_magnitude,relative_change,0.8637222390933976,0.050062048918566436,17.253034139660837,1.1751999384486582e-18,10
d_encoding_id,gamma_id,GAM-013,SPA-001,gradient_magnitude,relative_change,0.8835824774722026,0.050062048918566436,17.64974659565941,1.1459634182338108e-27,10
d_encoding_id,gamma_id,GAM-001,SPA-001,laplacian_energy,value_final,0.9665285590448814,0.1090968110659554,8.859365820148112,2.12840302633304e-20,10
d_encoding_id,gamma_id,GAM-002,SPA-001,laplacian_energy,value_final,0.8434143573732594,0.1090968110659554,7.730880024195814,1.6701979289363917e-31,10
d_encoding_id,gamma_id,GAM-003,SPA-001,laplacian_energy,value_final,0.9919984021915019,0.1090968110659554,9.092826751753366,1.9682278158190626e-30,10
d_encoding_id,gamma_id,GAM-006,SPA-001,laplacian_energy,value_final,0.971460978001279,0.1090968110659554,8.904577214580305,1.5840944295406558e-20,10
d_encoding_id,gamma_id,GAM-007,SPA-001,laplacian_energy,value_final,0.8142132692324503,0.1090968110659554,7.463217863812819,1.1928853950486922e-29,10
d_encoding_id,gamma_id,GAM-008,SPA-001,laplacian_energy,value_final,0.9665285590448814,0.1090968110659554,8.859365820148112,2.12840302633304e-20,10
d_encoding_id,gamma_id,GAM-010,SPA-001,laplacian_energy,value_final,0.9455330526556707,0.1090968110659554,8.66691742331534,2.2297944480742717e-20,10
d_encoding_id,gamma_id,GAM-012,SPA-001,laplacian_energy,value_final,0.7569635766066971,0.1090968110659554,6.9384574050388,5.467595491742469e-13,10
d_encoding_id,gamma_id,GAM-013,SPA-001,laplacian_energy,value_final,0.7415715035501399,0.1090968110659554,6.79737103499585,6.441882718477394e-16,10
d_encoding_id,gamma_id,GAM-001,SPA-001,laplacian_energy,value_mean,0.9667714606430725,0.14701576850956233,6.5759712066545495,1.8420114615067736e-20,10
d_encoding_id,gamma_id,GAM-002,SPA-001,laplacian_energy,value_mean,0.9934046496150847,0.14701576850956233,6.757129930252828,9.332233711804402e-24,10
d_encoding_id,gamma_id,GAM-003,SPA-001,laplacian_energy,value_mean,0.9919984021915024,0.14701576850956233,6.747564647305027,1.9682278158190626e-30,10
d_encoding_id,gamma_id,GAM-004,SPA-001,laplacian_energy,value_mean,0.9919798342875605,0.14701576850956233,6.747438348581222,3.1167052417969056e-27,10
d_encoding_id,gamma_id,GAM-005,SPA-001,laplacian_energy,value_mean,0.991963258088125,0.14701576850956233,6.747325597414436,1.9994744126787697e-26,10
d_encoding_id,gamma_id,GAM-006,SPA-001,laplacian_energy,value_mean,0.973405024734128,0.14701576850956233,6.6210926528661105,1.1076682329561004e-20,10
d_encoding_id,gamma_id,GAM-007,SPA-001,laplacian_energy,value_mean,0.9912622233546156,0.14701576850956233,6.742557165152941,1.4927378479104231e-22,10
d_encoding_id,gamma_id,GAM-008,SPA-001,laplacian_energy,value_mean,0.9667714786541137,0.14701576850956233,6.5759713291654975,1.8420114615067736e-20,10
d_encoding_id,gamma_id,GAM-009,SPA-001,laplacian_energy,value_mean,0.9889862720322619,0.14701576850956233,6.727076163724134,1.7675711877625095e-18,10
d_encoding_id,gamma_id,GAM-010,SPA-001,laplacian_energy,value_mean,0.9729755527178435,0.14701576850956233,6.618171387884548,2.3530636010993965e-20,10
d_encoding_id,gamma_id,GAM-012,SPA-001,laplacian_energy,value_mean,0.7581157008029479,0.14701576850956233,5.156696512820921,2.6297599226149027e-13,10
d_encoding_id,gamma_id,GAM-013,SPA-001,laplacian_energy,value_mean,0.8865485870226478,0.14701576850956233,6.030295906421658,1.3079937311200524e-23,10
d_encoding_id,gamma_id,GAM-001,SPA-001,laplacian_energy,relative_change,0.9629806247377992,0.3091540393817994,3.114889349863989,5.335506289421938e-26,10
d_encoding_id,gamma_id,GAM-002,SPA-001,laplacian_energy,relative_change,0.9211064188001057,0.3091540393817994,2.979441642237631,2.860006969744796e-30,10
d_encoding_id,gamma_id,GAM-006,SPA-001,laplacian_energy,relative_change,0.978638004225136,0.3091540393817994,3.1655352334456692,1.0263874221102923e-25,10
d_encoding_id,gamma_id,GAM-007,SPA-001,laplacian_energy,relative_change,0.9210772849886198,0.3091540393817994,2.979347405036189,1.1048808986134624e-27,10
d_encoding_id,gamma_id,GAM-008,SPA-001,laplacian_energy,relative_change,0.9629806247377992,0.3091540393817994,3.114889349863989,5.335506289421938e-26,10
d_encoding_id,gamma_id,GAM-009,SPA-001,laplacian_energy,relative_change,0.9202030143247245,0.3091540393817994,2.9765194598938787,1.2674080548661494e-29,10
d_encoding_id,gamma_id,GAM-010,SPA-001,laplacian_energy,relative_change,0.9211717135286942,0.3091540393817994,2.9796528467514682,5.270877437439306e-31,10
d_encoding_id,gamma_id,GAM-012,SPA-001,laplacian_energy,relative_change,0.9205316774081335,0.3091540393817994,2.9775825645004566,1.4509888084711448e-23,10
d_encoding_id,gamma_id,GAM-013,SPA-001,laplacian_energy,relative_change,0.9063624893962589,0.3091540393817994,2.9317504348598153,7.022072320743464e-23,10
d_encoding_id,gamma_id,GAM-001,SPE-001,spectral_gap,value_final,0.42985334346820986,0.14734290272836498,2.9173671449969256,2.4947733116202292e-14,10
d_encoding_id,gamma_id,GAM-002,SPE-001,spectral_gap,value_final,0.8775189097301792,0.14734290272836498,5.955623877913789,2.1235932501489575e-26,10
d_encoding_id,gamma_id,GAM-003,SPE-001,spectral_gap,value_final,0.9874304972277513,0.14734290272836498,6.701581677457079,4.927502119861535e-33,10
d_encoding_id,gamma_id,GAM-006,SPE-001,spectral_gap,value_final,0.9815485180725446,0.14734290272836498,6.6616613348664995,5.691923094500589e-25,10
d_encoding_id,gamma_id,GAM-007,SPE-001,spectral_gap,value_final,0.8223982891103766,0.14734290272836498,5.581526316381282,6.326866738366233e-26,10
d_encoding_id,gamma_id,GAM-008,SPE-001,spectral_gap,value_final,0.42985334346820986,0.14734290272836498,2.9173671449969256,2.4947733116202292e-14,10
d_encoding_id,gamma_id,GAM-009,SPE-001,spectral_gap,value_final,0.37827474927603755,0.14734290272836498,2.5673089254486086,8.28543737460762e-11,10
d_encoding_id,gamma_id,GAM-010,SPE-001,spectral_gap,value_final,0.9374113275751372,0.14734290272836498,6.3621070999484,2.3570316787159807e-20,10
d_encoding_id,gamma_id,GAM-012,SPE-001,spectral_gap,value_final,0.4038234628415553,0.14734290272836498,2.7407052213843435,6.096260420337744e-05,10
d_encoding_id,gamma_id,GAM-013,SPE-001,spectral_gap,value_final,0.39897207822766967,0.14734290272836498,2.7077794100690236,3.0287523466165895e-12,10
d_encoding_id,gamma_id,GAM-002,SPE-001,spectral_gap,value_mean,0.8118723289686965,0.2897943325399522,2.8015466067017325,1.6325313432708856e-26,10
d_encoding_id,gamma_id,GAM-003,SPE-001,spectral_gap,value_mean,0.9874304972277519,0.2897943325399522,3.4073492347943724,4.927502119861535e-33,10
d_encoding_id,gamma_id,GAM-004,SPE-001,spectral_gap,value_mean,0.9885272997750387,0.2897943325399522,3.4111339966897263,4.871595180476068e-33,10
d_encoding_id,gamma_id,GAM-005,SPE-001,spectral_gap,value_mean,0.9874304972277511,0.2897943325399522,3.4073492347943697,4.927502119861535e-33,10
d_encoding_id,gamma_id,GAM-006,SPE-001,spectral_gap,value_mean,0.9825486239179617,0.2897943325399522,3.390503241751644,1.1890594632989942e-26,10
d_encoding_id,gamma_id,GAM-007,SPE-001,spectral_gap,value_mean,0.7672977211905682,0.2897943325399522,2.6477319775906434,1.0129318863879812e-25,10
d_encoding_id,gamma_id,GAM-009,SPE-001,spectral_gap,value_mean,0.9930173059260105,0.2897943325399522,3.4266277646720686,9.328015070022862e-33,10
d_encoding_id,gamma_id,GAM-010,SPE-001,spectral_gap,value_mean,0.9842453815077892,0.2897943325399522,3.3963582823763376,7.015212832679678e-31,10
d_encoding_id,gamma_id,GAM-013,SPE-001,spectral_gap,value_mean,0.6448892711447258,0.2897943325399522,2.225334310345144,4.0389052082394385e-17,10
d_encoding_id,gamma_id,GAM-002,SPE-001,spectral_gap,relative_change,0.6486553381715694,0.09947091413845359,6.521055363668478,5.166645983308277e-31,10
d_encoding_id,gamma_id,GAM-004,SPE-001,spectral_gap,relative_change,0.7702196609072952,0.09947091413845359,7.743164598198287,4.927502119861535e-33,10
d_encoding_id,gamma_id,GAM-005,SPE-001,spectral_gap,relative_change,0.7702196609072952,0.09947091413845359,7.743164598198287,4.927502119861535e-33,10
d_encoding_id,gamma_id,GAM-007,SPE-001,spectral_gap,relative_change,0.6840172184262718,0.09947091413845359,6.876555064872412,2.4317527999096317e-29,10
d_encoding_id,gamma_id,GAM-009,SPE-001,spectral_gap,relative_change,0.7701697078963858,0.09947091413845359,7.742662411088195,1.663202033563521e-28,10
d_encoding_id,gamma_id,GAM-010,SPE-001,spectral_gap,relative_change,0.5040118361614904,0.09947091413845359,5.0669267546888745,9.234381289813621e-20,10
d_encoding_id,gamma_id,GAM-012,SPE-001,spectral_gap,relative_change,0.36554460873027833,0.09947091413845359,3.6748894075857863,1.6474853489429136e-14,10
d_encoding_id,gamma_id,GAM-013,SPE-001,spectral_gap,relative_change,0.4941108097718175,0.09947091413845359,4.967389855129556,1.7492416652574579e-07,10
d_encoding_id,gamma_id,GAM-001,SYM-001,asymmetry_norm_normalized,value_final,0.7550458112722137,0.2889839142298913,2.6127606904499285,2.0283962175314127e-28,10
d_encoding_id,gamma_id,GAM-002,SYM-001,asymmetry_norm_normalized,value_final,0.943571508719741,0.2889839142298913,3.265135055126684,3.382916019823786e-29,10
d_encoding_id,gamma_id,GAM-003,SYM-001,asymmetry_norm_normalized,value_final,0.9688385262105369,0.2889839142298913,3.352569047977565,8.786628595761784e-30,10
d_encoding_id,gamma_id,GAM-006,SYM-001,asymmetry_norm_normalized,value_final,0.7863783398453353,0.2889839142298913,2.721183779176577,4.6471138805190846e-29,10
d_encoding_id,gamma_id,GAM-007,SYM-001,asymmetry_norm_normalized,value_final,0.9421118561309207,0.2889839142298913,3.260084072989114,2.335029077717398e-29,10
d_encoding_id,gamma_id,GAM-008,SYM-001,asymmetry_norm_normalized,value_final,0.7550458112722137,0.2889839142298913,2.6127606904499285,2.0283962175314127e-28,10
d_encoding_id,gamma_id,GAM-013,SYM-001,asymmetry_norm_normalized,value_final,0.7161040728446764,0.2889839142298913,2.478006690278976,2.4509694881344897e-17,10
d_encoding_id,gamma_id,GAM-002,SYM-001,asymmetry_norm_normalized,value_mean,0.9641702345734312,0.3805767069183572,2.533445208406485,1.3558514139580449e-29,10
d_encoding_id,gamma_id,GAM-003,SYM-001,asymmetry_norm_normalized,value_mean,0.9688385262105369,0.3805767069183572,2.5457115703572892,8.786628595761784e-30,10
d_encoding_id,gamma_id,GAM-004,SYM-001,asymmetry_norm_normalized,value_mean,0.972438651617666,0.3805767069183572,2.5551712281389762,4.96673930567912e-30,10
d_encoding_id,gamma_id,GAM-005,SYM-001,asymmetry_norm_normalized,value_mean,0.9727356516836783,0.3805767069183572,2.5559516228941286,4.880222817617239e-30,10
d_encoding_id,gamma_id,GAM-006,SYM-001,asymmetry_norm_normalized,value_mean,0.8024091248666444,0.3805767069183572,2.1084031425990037,1.0355635627860113e-29,10
d_encoding_id,gamma_id,GAM-007,SYM-001,asymmetry_norm_normalized,value_mean,0.9694248646757904,0.3805767069183572,2.5472522281395302,1.3500741233941918e-29,10
d_encoding_id,gamma_id,GAM-009,SYM-001,asymmetry_norm_normalized,value_mean,0.9950959290967412,0.3805767069183572,2.6147052907003396,6.079317703198037e-37,10
d_encoding_id,gamma_id,GAM-012,SYM-001,asymmetry_norm_normalized,value_mean,0.9688385262105376,0.3805767069183572,2.545711570357291,8.786628595761784e-30,10
d_encoding_id,gamma_id,GAM-013,SYM-001,asymmetry_norm_normalized,value_mean,0.9135394827010482,0.3805767069183572,2.4004082911385964,5.344134341951551e-22,10
d_encoding_id,gamma_id,GAM-001,TOP-001,connected_components,value_final,0.780426536658835,0.23954057475294308,3.2580139605315295,6.174585059432281e-23,10
d_encoding_id,gamma_id,GAM-003,TOP-001,connected_components,value_final,0.780426536658835,0.23954057475294308,3.2580139605315295,6.174585059432281e-23,10
d_encoding_id,gamma_id,GAM-004,TOP-001,connected_components,value_final,0.780426536658835,0.23954057475294308,3.2580139605315295,6.174585059432281e-23,10
d_encoding_id,gamma_id,GAM-005,TOP-001,connected_components,value_final,0.780426536658835,0.23954057475294308,3.2580139605315295,6.174585059432281e-23,10
d_encoding_id,gamma_id,GAM-006,TOP-001,connected_components,value_final,0.7748489312170321,0.23954057475294308,3.234729364810928,6.278646113797813e-23,10
d_encoding_id,gamma_id,GAM-008,TOP-001,connected_components,value_final,0.780426536658835,0.23954057475294308,3.2580139605315295,6.174585059432281e-23,10
d_encoding_id,gamma_id,GAM-010,TOP-001,connected_components,value_final,0.780426536658835,0.23954057475294308,3.2580139605315295,6.174585059432281e-23,10
d_encoding_id,gamma_id,GAM-012,TOP-001,connected_components,value_final,0.6035732073813118,0.23954057475294308,2.519711777446573,1.7273083180954798e-14,10
d_encoding_id,gamma_id,GAM-013,TOP-001,connected_components,value_final,0.6640044916230402,0.23954057475294308,2.7719917275304193,3.8392048376217736e-17,10
d_encoding_id,gamma_id,GAM-001,TOP-001,connected_components,value_mean,0.780426536658835,0.28293130233492947,2.758360528574455,6.174585059432281e-23,10
d_encoding_id,gamma_id,GAM-002,TOP-001,connected_components,value_mean,0.7350120599424359,0.28293130233492947,2.597846381353522,2.0956735763182337e-28,10
d_encoding_id,gamma_id,GAM-003,TOP-001,connected_components,value_mean,0.780426536658835,0.28293130233492947,2.758360528574455,6.174585059432281e-23,10
d_encoding_id,gamma_id,GAM-004,TOP-001,connected_components,value_mean,0.780426536658835,0.28293130233492947,2.758360528574455,6.174585059432281e-23,10
d_encoding_id,gamma_id,GAM-005,TOP-001,connected_components,value_mean,0.6901061042030238,0.28293130233492947,2.439129564342398,2.1389725325544926e-18,10
d_encoding_id,gamma_id,GAM-006,TOP-001,connected_components,value_mean,0.7748772085117136,0.28293130233492947,2.7387468340085843,6.179302039735489e-23,10
d_encoding_id,gamma_id,GAM-007,TOP-001,connected_components,value_mean,0.7817157434851726,0.28293130233492947,2.7629171358345856,4.462750227191147e-30,10
d_encoding_id,gamma_id,GAM-008,TOP-001,connected_components,value_mean,0.780426536658835,0.28293130233492947,2.758360528574455,6.174585059432281e-23,10
d_encoding_id,gamma_id,GAM-009,TOP-001,connected_components,value_mean,0.9834193012777018,0.28293130233492947,3.475823612169805,7.095454859948032e-25,10
d_encoding_id,gamma_id,GAM-010,TOP-001,connected_components,value_mean,0.780426536658835,0.28293130233492947,2.758360528574455,6.174585059432281e-23,10
d_encoding_id,gamma_id,GAM-012,TOP-001,connected_components,value_mean,0.6038375294789828,0.28293130233492947,2.1342195949890685,1.1569533359518439e-14,10
d_encoding_id,gamma_id,GAM-013,TOP-001,connected_components,value_mean,0.8153187404319051,0.28293130233492947,2.881684471471962,1.1698748061854755e-18,10
d_encoding_id,gamma_id,GAM-002,TOP-001,connected_components,relative_change,0.9643157614585206,0.07488817103152215,12.876743391858481,1.795663563986896e-21,10
d_encoding_id,gamma_id,GAM-006,TOP-001,connected_components,relative_change,0.9215321425167438,0.07488817103152215,12.30544330063622,7.611948540356968e-38,10
d_encoding_id,gamma_id,GAM-007,TOP-001,connected_components,relative_change,0.9661647240321419,0.07488817103152215,12.901433039744836,1.388922472353381e-20,10
d_encoding_id,gamma_id,GAM-009,TOP-001,connected_components,relative_change,0.984403264589419,0.07488817103152215,13.144976717017979,1.6828966718178819e-22,10
d_encoding_id,gamma_id,GAM-012,TOP-001,connected_components,relative_change,0.8760526724360875,0.07488817103152215,11.698144852106708,6.951501736793301e-23,10
d_encoding_id,gamma_id,GAM-013,TOP-001,connected_components,relative_change,0.8963289550045817,0.07488817103152215,11.968898995106933,3.249696234411408e-21,10
d_encoding_id,gamma_id,GAM-013,TOP-001,euler_characteristic,value_final,0.4678945922982575,0.22457193826337976,2.083495364187074,5.625251986632996e-16,10
d_encoding_id,gamma_id,GAM-009,TOP-001,euler_characteristic,value_mean,0.9850938954099061,0.23825208155340893,4.134670677322404,3.2698950023763336e-24,10
d_encoding_id,gamma_id,GAM-013,TOP-001,euler_characteristic,value_mean,0.6506402468405139,0.23825208155340893,2.73089008330305,1.344616666941001e-17,10
d_encoding_id,gamma_id,GAM-001,TOP-001,holes_count,value_final,0.5910968738203346,0.1713319217635598,3.450010177531632,8.030723519013541e-17,10
d_encoding_id,gamma_id,GAM-003,TOP-001,holes_count,value_final,0.5910968738203346,0.1713319217635598,3.450010177531632,8.030723519013541e-17,10
d_encoding_id,gamma_id,GAM-004,TOP-001,holes_count,value_final,0.5910968738203346,0.1713319217635598,3.450010177531632,8.030723519013541e-17,10
d_encoding_id,gamma_id,GAM-005,TOP-001,holes_count,value_final,0.5910968738203346,0.1713319217635598,3.450010177531632,8.030723519013541e-17,10
d_encoding_id,gamma_id,GAM-006,TOP-001,holes_count,value_final,0.5910968738203346,0.1713319217635598,3.450010177531632,8.030723519013541e-17,10
d_encoding_id,gamma_id,GAM-008,TOP-001,holes_count,value_final,0.5910968738203346,0.1713319217635598,3.450010177531632,8.030723519013541e-17,10
d_encoding_id,gamma_id,GAM-010,TOP-001,holes_count,value_final,0.5910968738203346,0.1713319217635598,3.450010177531632,8.030723519013541e-17,10
d_encoding_id,gamma_id,GAM-012,TOP-001,holes_count,value_final,0.4763067259760872,0.1713319217635598,2.7800232500362454,7.103835498738027e-12,10
d_encoding_id,gamma_id,GAM-013,TOP-001,holes_count,value_final,0.6923048461558977,0.1713319217635598,4.040723053998583,6.524868143932153e-20,10
d_encoding_id,gamma_id,GAM-001,TOP-001,holes_count,value_mean,0.5910968738203346,0.2595201192106609,2.2776533689109555,8.030723519013541e-17,10
d_encoding_id,gamma_id,GAM-003,TOP-001,holes_count,value_mean,0.5910968738203346,0.2595201192106609,2.2776533689109555,8.030723519013541e-17,10
d_encoding_id,gamma_id,GAM-004,TOP-001,holes_count,value_mean,0.5910968738203346,0.2595201192106609,2.2776533689109555,8.030723519013541e-17,10
d_encoding_id,gamma_id,GAM-005,TOP-001,holes_count,value_mean,0.6668318936200193,0.2595201192106609,2.569480530635585,9.556458219547986e-19,10
d_encoding_id,gamma_id,GAM-006,TOP-001,holes_count,value_mean,0.5910968738203346,0.2595201192106609,2.2776533689109555,8.030723519013541e-17,10
d_encoding_id,gamma_id,GAM-008,TOP-001,holes_count,value_mean,0.5910968738203346,0.2595201192106609,2.2776533689109555,8.030723519013541e-17,10
d_encoding_id,gamma_id,GAM-009,TOP-001,holes_count,value_mean,0.9483856634491018,0.2595201192106609,3.654382043032534,1.4514475542290145e-25,10
d_encoding_id,gamma_id,GAM-010,TOP-001,holes_count,value_mean,0.5910968738203346,0.2595201192106609,2.2776533689109555,8.030723519013541e-17,10
d_encoding_id,gamma_id,GAM-013,TOP-001,holes_count,value_mean,0.7487828119910458,0.2595201192106609,2.8852592017470307,1.7378643890851174e-22,10
d_encoding_id,gamma_id,GAM-002,TOP-001,holes_count,relative_change,0.6219685596470982,0.11935977528238322,5.210872408025528,8.623622509090296e-16,10
d_encoding_id,gamma_id,GAM-007,TOP-001,holes_count,relative_change,0.6212010883052568,0.11935977528238322,5.204442508672704,1.527366777661665e-15,10
d_encoding_id,gamma_id,GAM-009,TOP-001,holes_count,relative_change,0.6223187261652953,0.11935977528238322,5.213806114270942,3.1996488389859734e-17,10
d_encoding_id,gamma_id,GAM-012,TOP-001,holes_count,relative_change,0.9388531941535078,0.11935977528238322,7.865741971550753,5.647258022270076e-18,10
d_encoding_id,gamma_id,GAM-013,TOP-001,holes_count,relative_change,0.7987770550558342,0.11935977528238322,6.692179615503422,1.984842241741023e-22,10
d_encoding_id,modifier_id,M1,GRA-001,clustering_local,relative_change,0.3061856154113497,0.1267893144096004,2.414916563253895,1.1990036014634696e-14,10
d_encoding_id,modifier_id,M2,GRA-001,clustering_local,relative_change,0.43551618054571384,0.1267893144096004,3.4349596618115075,1.1606883803153013e-05,10
d_encoding_id,modifier_id,M1,GRA-001,density,relative_change,0.42339191118796604,0.12699273090926524,3.333985403388753,6.6186358893676265e-25,10
d_encoding_id,modifier_id,M2,GRA-001,density,relative_change,0.43604063081560385,0.12699273090926524,3.433587321837732,2.9466547088441446e-14,10
d_encoding_id,modifier_id,M0,PAT-001,diversity_simpson,value_mean,0.3245437748837561,0.11841543110600823,2.7407219806784893,7.131314366330826e-30,10
d_encoding_id,modifier_id,M3,PAT-001,diversity_simpson,value_mean,0.3245437748837561,0.11841543110600823,2.7407219806784893,7.131314366330826e-30,10
d_encoding_id,modifier_id,M0,PAT-001,uniformity,value_mean,0.32454377488375563,0.11841543110600804,2.74072198067849,7.184623614956976e-30,10
d_encoding_id,modifier_id,M3,PAT-001,uniformity,value_mean,0.32454377488375563,0.11841543110600804,2.74072198067849,7.184623614956976e-30,10
d_encoding_id,modifier_id,M1,TOP-001,euler_characteristic,value_final,0.519118073249751,0.22457193826337976,2.3115892273277936,6.4815001792868564e-15,10
d_encoding_id,modifier_id,M1,TOP-001,euler_characteristic,value_mean,0.5091963309173452,0.23825208155340893,2.1372167143194454,2.813814816908206e-20,10
modifier_id,gamma_id,GAM-001,SYM-001,asymmetry_norm,volatility,0.4380800679556578,0.05069561860258791,8.641379275590785,3.3524275972713796e-17,4
modifier_id,gamma_id,GAM-002,SYM-001,asymmetry_norm,volatility,0.316295033463901,0.05069561860258791,6.2390999889634395,1.248256051875388e-13,4
modifier_id,gamma_id,GAM-003,SYM-001,asymmetry_norm,volatility,0.33010533422756105,0.05069561860258791,6.511516050633809,1.245535097008542e-08,4
modifier_id,gamma_id,GAM-004,SYM-001,asymmetry_norm,volatility,0.4285715499246632,0.05069561860258791,8.453818332592267,3.496441773150492e-19,4
modifier_id,gamma_id,GAM-005,SYM-001,asymmetry_norm,volatility,0.42857142914584606,0.05069561860258791,8.453815950161191,1.9357933279413033e-14,4
modifier_id,gamma_id,GAM-007,SYM-001,asymmetry_norm,volatility,0.31947576671822747,0.05069561860258791,6.301841767089491,2.028071194531813e-13,4
modifier_id,gamma_id,GAM-008,SYM-001,asymmetry_norm,volatility,0.43814647202675366,0.05069561860258791,8.642689133778262,3.3524275972713796e-17,4
modifier_id,gamma_id,GAM-012,SYM-001,asymmetry_norm,volatility,0.42857142613191723,0.05069561860258791,8.453815890709725,1.2544215893103715e-05,4
modifier_id,d_encoding_id,SYM-001,TOP-001,euler_characteristic,value_final,0.5687889730526771,0.07941559099772325,7.1621827138323955,4.289814539224419e-28,4
modifier_id,d_encoding_id,SYM-005,TOP-001,euler_characteristic,value_final,0.3340706211794121,0.07941559099772325,4.206612542730929,2.2321040282959698e-18,4
modifier_id,d_encoding_id,SYM-006,TOP-001,euler_characteristic,value_final,0.49362935200302177,0.07941559099772325,6.215773827297634,8.255110170501442e-15,4
modifier_id,d_encoding_id,ASY-003,TOP-001,euler_characteristic,value_mean,0.33577425268622146,0.0731365801789242,4.591057605712082,2.219286434631153e-14,4
modifier_id,d_encoding_id,SYM-001,TOP-001,euler_characteristic,value_mean,0.5783604728225966,0.0731365801789242,7.907950732829903,1.0357941981509259e-31,4
modifier_id,d_encoding_id,SYM-005,TOP-001,euler_characteristic,value_mean,0.3422149598844021,0.0731365801789242,4.679121706910467,1.6532395268535121e-21,4
modifier_id,d_encoding_id,SYM-006,TOP-001,euler_characteristic,value_mean,0.46712461690475476,0.0731365801789242,6.387017491957687,4.06690463303238e-17,4
seed,d_encoding_id,ASY-001,TOP-001,euler_characteristic,value_final,0.589690565751133,0.054321695428141886,10.85552579136987,1.0278082306832133e-26,5
seed,d_encoding_id,ASY-002,TOP-001,euler_characteristic,value_final,0.36786448643535763,0.054321695428141886,6.771962537914121,6.693342898873192e-14,5
seed,d_encoding_id,SYM-002,TOP-001,euler_characteristic,value_final,0.6164285373779551,0.054321695428141886,11.347741128466478,1.0889879679923906e-27,5
seed,d_encoding_id,SYM-003,TOP-001,euler_characteristic,value_final,0.6206514985242853,0.054321695428141886,11.425480991205415,1.7757900425189225e-25,5
seed,d_encoding_id,SYM-004,TOP-001,euler_characteristic,value_final,0.4011885613021011,0.054321695428141886,7.385420468564047,3.268529208535908e-22,5
seed,d_encoding_id,ASY-001,TOP-001,euler_characteristic,value_mean,0.5974906410177749,0.052926670249355066,11.289027596158963,1.1761568079973995e-28,5
seed,d_encoding_id,ASY-002,TOP-001,euler_characteristic,value_mean,0.3932994089046417,0.052926670249355066,7.431024983277391,3.393419774434771e-16,5
seed,d_encoding_id,SYM-002,TOP-001,euler_characteristic,value_mean,0.6345166843648622,0.052926670249355066,11.98860010228197,5.139420468296718e-33,5
seed,d_encoding_id,SYM-003,TOP-001,euler_characteristic,value_mean,0.6148342962341634,0.052926670249355066,11.616719762219605,1.088344751883199e-28,5
seed,d_encoding_id,SYM-004,TOP-001,euler_characteristic,value_mean,0.36488687256082236,0.052926670249355066,6.894196646827006,2.6208124680318794e-23,5
